window,spec,train_start,test_start,test_end,loglik,aic,bic,n_params,converged,mu0,sigma0,mu1,sigma1,mu2,sigma2,lr_stat,lr_p
0,baseline,2014-02-01,2018-01-31,2018-05-01,3032.228083919619,-6040.456167839238,-5977.02186726281,12,True,0.0003306276638908038,0.010567741788391616,0.004214028476886945,0.026147532175660973,-0.00103020571417168,0.0658654083612577,,
0,tvtp_logrv,2014-02-01,2018-01-31,2018-05-01,3061.623394751024,-6087.246789502048,-5992.095338637405,18,True,0.0006615684075681923,0.0069818902698909535,0.003975938657037117,0.023225632045174457,-0.0016543712010836757,0.06799058427898977,58.790621662809826,7.921943113105387e-11
0,tvtp_exflow,2014-02-01,2018-01-31,2018-05-01,3034.237232419633,-6032.474464839266,-5937.323013974623,18,True,0.0003868951755962643,0.010784681600320905,0.004611134857622939,0.026967138138638876,-0.002082549902513359,0.06742996650384936,4.018297000027815,0.6742002037331
0,tvtp_both,2014-02-01,2018-01-31,2018-05-01,3068.0796872247897,-6088.159374449579,-5961.290773296722,24,True,0.0006519234392024228,0.007019456659703962,0.004293091309521599,0.02394871751857332,-0.002060800564029741,0.06729100821991937,71.70320661034111,1.5357357359835361e-10
1,baseline,2014-05-03,2018-05-02,2018-07-31,3017.6189296879165,-6011.237859375833,-5947.8035587994045,12,True,0.00033561666381686926,0.010600376333278915,0.005115779403034411,0.026727794858454456,-0.000784207777717417,0.06356082589532591,,
1,tvtp_logrv,2014-05-03,2018-05-02,2018-07-31,3045.1967498190975,-6054.393499638195,-5959.242048773552,18,True,0.000928263389374751,0.006905824466191903,0.004193429043967529,0.02289376893183,-0.0004494136183029264,0.06420316737040108,55.155640262361885,4.311858921439019e-10
1,tvtp_exflow,2014-05-03,2018-05-02,2018-07-31,3019.5729720811687,-6003.145944162337,-5907.994493297694,18,True,0.00032088368537414686,0.010891956641937057,0.00539513026322308,0.027199944108190047,-0.0011700478605149377,0.06383463052842882,3.9080847865043324,0.6891135730488449
1,tvtp_both,2014-05-03,2018-05-02,2018-07-31,3056.038869351904,-6064.077738703808,-5937.209137550951,24,True,0.0009123323481747154,0.0073142530515817586,0.0047539315181829795,0.024899223298431805,-0.0014355293748673085,0.06554034998214105,76.83987932797481,1.647273458621644e-11
2,baseline,2014-08-02,2018-08-01,2018-10-30,2986.1268707203135,-5948.253741440627,-5884.819440864198,12,True,0.0007746174810860116,0.010858780609446261,0.004785725367523549,0.026839636657515088,-0.0023556065843258435,0.06491422492223627,,
2,tvtp_logrv,2014-08-02,2018-08-01,2018-10-30,3014.560733229907,-5993.121466459814,-5897.9700155951705,18,True,0.0013934149621391717,0.006833962838738504,0.0039676651716272415,0.0228221664276947,-0.0013387570374623103,0.06369575403532728,56.867725019186764,1.9431034943370384e-10
2,tvtp_exflow,2014-08-02,2018-08-01,2018-10-30,2988.885398722002,-5941.770797444004,-5846.61934657936,18,True,0.0008810230421595584,0.011049050129981409,0.004749379611438523,0.026896506180354215,-0.0023707498955491345,0.06486409909775566,5.517056003376638,0.4793976565370901
2,tvtp_both,2014-08-02,2018-08-01,2018-10-30,3028.6677270768787,-6009.335454153757,-5882.4668530009,24,True,0.0014714573380950192,0.0071602209955007766,0.003929847479548306,0.024332647211408483,-0.001485400526860011,0.06383496875693354,85.0817127131304,4.3897461020055334e-13
3,baseline,2014-11-01,2018-10-31,2019-01-29,3018.156064186971,-6012.312128373942,-5948.877827797513,12,True,0.0007301011627230352,0.01000793207904404,0.0047609552263660326,0.024906325849309505,-0.0014235725779424867,0.06433544782805503,,
3,tvtp_logrv,2014-11-01,2018-10-31,2019-01-29,3052.9032798576063,-6069.806559715213,-5974.655108850569,18,True,0.0010151143995911222,0.0060099099573250854,0.004309380838711314,0.020931828658025096,-0.0012053858183519461,0.06324843126734671,69.49443134127068,5.191228495309402e-13
3,tvtp_exflow,2014-11-01,2018-10-31,2019-01-29,3022.164721480618,-6008.329442961236,-5913.177992096593,18,True,0.0007564066446191732,0.01011118537990189,0.004960302830606366,0.025659744235819754,-0.002013822591644328,0.0650407750861501,8.017314587294095,0.23683753812290279
3,tvtp_both,2014-11-01,2018-10-31,2019-01-29,3061.6751537305645,-6075.350307461129,-5948.481706308272,24,True,0.0011518699191663826,0.006298749077212116,0.0043982489200612785,0.023102488047237857,-0.0015676276813276682,0.06450896150777596,87.03817908718702,1.8439044438424938e-13
4,baseline,2015-01-31,2019-01-30,2019-04-30,3038.4124579972563,-6052.824915994513,-5989.390615418084,12,True,0.00045259833453743196,0.009498231874896684,0.005002873468595544,0.022963313007204125,-0.001223757944370667,0.060321702196086006,,
4,tvtp_logrv,2015-01-31,2019-01-30,2019-04-30,3078.3599872336517,-6120.7199744673035,-6025.56852360266,18,True,0.00080039065276478,0.006046658159388401,0.004372043935144001,0.01924774678194818,-0.0010816129429175396,0.05997141561182074,79.89505847279088,3.755716782477692e-15
4,tvtp_exflow,2015-01-31,2019-01-30,2019-04-30,3044.5571872279097,-6053.114374455819,-5957.962923591176,18,True,0.0006191242831656298,0.009451453233347307,0.005251520186080672,0.02413822857752097,-0.0018244799523839223,0.060761405127933356,12.289458461306822,0.05581423907155832
4,tvtp_both,2015-01-31,2019-01-30,2019-04-30,3090.1122525999886,-6132.224505199977,-6005.35590404712,24,True,0.0010019451579483364,0.006400602075764924,0.0047625417875049375,0.022770895761800743,-0.0021174767328012017,0.0624488935411425,103.39958920546451,1.1982584306801518e-16
5,baseline,2015-05-02,2019-05-01,2019-07-30,3087.658942908612,-6151.317885817224,-6087.883585240796,12,False,0.0013175981238631796,0.008556182990753853,0.005356109435708868,0.029918233480165278,0.0005145675995527071,0.05717928426213703,,
5,tvtp_logrv,2015-05-02,2019-05-01,2019-07-30,3126.591470337479,-6217.182940674958,-6122.031489810315,18,True,0.0009629303948819612,0.007499484533902419,0.005807790004558863,0.020925019213473672,-0.0013926650973232876,0.06141462590008688,77.86505485773432,9.856302851232661e-15
5,tvtp_exflow,2015-05-02,2019-05-01,2019-07-30,3094.0084395316962,-6152.0168790633925,-6056.865428198749,18,True,0.0010774022799520334,0.007535180559642388,0.005404352306485215,0.025877839183206564,0.00046761246923502985,0.0559878560952531,12.698993246168357,0.04807292743560779
5,tvtp_both,2015-05-02,2019-05-01,2019-07-30,3134.804559143735,-6221.60911828747,-6094.740517134613,24,True,0.0008136742658387197,0.008124413913666294,0.00625012282595665,0.02104716809065746,-0.0017474741824493024,0.06174681446711772,94.29123247024563,7.252241418535744e-15
6,baseline,2015-08-01,2019-07-31,2019-10-29,2994.7866005364604,-5965.573201072921,-5902.138900496492,12,True,0.001793148034556808,0.008418337205338832,0.004838022601702637,0.03082293312931711,0.0013460160928023786,0.057400953628840845,,
6,tvtp_logrv,2015-08-01,2019-07-31,2019-10-29,3039.7708744148067,-6043.541748829613,-5948.39029796497,18,True,0.0011207020232368494,0.0068988039929140455,0.006297274969353524,0.020404253801387835,-0.0011348322898817743,0.061608671260615554,89.96854775669271,3.0758991190192655e-17
6,tvtp_exflow,2015-08-01,2019-07-31,2019-10-29,3002.153268947443,-5968.306537894886,-5873.155087030243,18,True,0.0012819014025378225,0.0070971887596192615,0.00533593705651693,0.02579288801989228,0.0008643061909782496,0.05728682465717769,14.733336821965167,0.022435300305208898
6,tvtp_both,2015-08-01,2019-07-31,2019-10-29,3047.2736926908165,-6046.547385381633,-5919.678784228776,24,False,0.0010055034832813755,0.0071474835833069015,0.006400469792762678,0.019862855457109672,-0.0012511639834981388,0.061477705516498816,104.97418430871221,5.871966759458933e-17
7,baseline,2015-10-31,2019-10-30,2020-01-28,2957.935749169651,-5891.871498339302,-5828.437197762873,12,True,0.0010466998047087078,0.006838381438723046,0.005023518810870634,0.025977491452721463,0.0005312998300244086,0.059034609791472265,,
7,tvtp_logrv,2015-10-31,2019-10-30,2020-01-28,3000.1376065198447,-5964.275213039689,-5869.123762175046,18,True,0.0011280584648731473,0.006679540714156709,0.005431950295868363,0.022419724714054567,-0.0006123485044720133,0.06197517051320614,84.40371470038735,4.3870612396963016e-16
7,tvtp_exflow,2015-10-31,2019-10-30,2020-01-28,2964.5006517074507,-5893.0013034149015,-5797.849852550258,18,True,0.001131315144182334,0.006767847261165335,0.005159091984661959,0.026394460873212813,0.00021441274993663501,0.059336986810682245,13.129805075599506,0.041020322426014354
7,tvtp_both,2015-10-31,2019-10-30,2020-01-28,3007.8812762451025,-5967.762552490205,-5840.893951337348,24,True,0.0013424687375146547,0.0065540984817962465,0.005914056733503671,0.024811948078336175,-0.0018228440549984217,0.06408075547732603,99.89105415090307,5.848179634880403e-16
8,baseline,2016-01-30,2020-01-29,2020-04-28,2983.9867126190866,-5943.973425238173,-5880.539124661745,12,True,0.001000335676347423,0.0064264278967265265,0.004036491204026634,0.024691637725259685,0.0010400121329765947,0.05804778843489301,,
8,tvtp_logrv,2016-01-30,2020-01-29,2020-04-28,3027.3974270575873,-6018.7948541151745,-5923.643403250531,18,True,0.0013273773591291505,0.00635284321223692,0.004550559458367202,0.02414394030868032,-0.000528094837084155,0.06307199930815081,86.82142887700138,1.3839867350632792e-16
8,tvtp_exflow,2016-01-30,2020-01-29,2020-04-28,2990.9493038624796,-5945.898607724959,-5850.747156860316,18,True,0.0011463633190473338,0.006358269787433842,0.003835783499036737,0.024794023580445808,0.0010734659816105017,0.0582395875275165,13.92518248678607,0.03048317482647034
8,tvtp_both,2016-01-30,2020-01-29,2020-04-28,3036.975254408957,-6025.950508817914,-5899.081907665057,24,True,0.0013165116422090763,0.00610443938922256,0.004705428253248725,0.024352560233327547,-0.0008351395963930773,0.06335505410322581,105.97708357974079,3.7259773280865533e-17
9,baseline,2016-04-30,2020-04-29,2020-07-28,2879.282003705086,-5734.564007410172,-5671.1297068337435,12,True,0.0007090230502119572,0.0072227185673813575,0.004433937966053103,0.030515502535497372,-0.0012538271148216542,0.06902480226519787,,
9,tvtp_logrv,2016-04-30,2020-04-29,2020-07-28,2927.5932854192524,-5819.186570838505,-5724.035119973862,18,True,0.0010792266481902332,0.006237432135186214,0.004681725106021719,0.025545116727000782,-0.0016671581083030804,0.06850426473291969,96.6225634283328,1.2697496205012217e-18
9,tvtp_exflow,2016-04-30,2020-04-29,2020-07-28,2884.0524471282197,-5732.104894256439,-5636.953443391796,18,True,0.0007022433202725872,0.006926582947055562,0.004383273669047736,0.02952751131564931,-0.001395761062493611,0.06911627023752649,9.540886846267313,0.1453656399356824
9,tvtp_both,2016-04-30,2020-04-29,2020-07-28,2936.6212722617065,-5825.242544523413,-5698.373943370556,24,True,0.001126369958178573,0.006062666642103957,0.004786122689581593,0.026141177265470807,-0.0019882997219772035,0.0689185798546282,114.67853711324096,7.0764462241838535e-19
10,baseline,2016-07-30,2020-07-29,2020-10-27,2878.158164543791,-5732.316329087582,-5668.882028511153,12,True,0.00045821266251724343,0.007713094943943845,0.004660223915548781,0.030014628280038758,-0.0022632882508249715,0.0709281867363153,,
10,tvtp_logrv,2016-07-30,2020-07-29,2020-10-27,2919.2643615540574,-5802.528723108115,-5707.377272243471,18,True,0.0007034438636837869,0.006343529044724198,0.004634795114593712,0.024837787472521636,-0.0014425160935567288,0.06815186311897148,82.21239402053288,1.2465577305815243e-15
10,tvtp_exflow,2016-07-30,2020-07-29,2020-10-27,2882.373145994159,-5728.746291988318,-5633.594841123675,18,True,0.0004948570078901717,0.0075858295245795175,0.004710460954311891,0.028798203355545393,-0.002410676674465357,0.0702638801672626,8.429962900736427,0.20826428833098273
10,tvtp_both,2016-07-30,2020-07-29,2020-10-27,2926.470439278177,-5804.940878556354,-5678.072277403497,24,True,0.0006546738743125716,0.006767815497826515,0.004762133172681278,0.02517369613024187,-0.001222258059848372,0.06750160586684699,96.62454946877187,2.545056385697301e-15
11,baseline,2016-10-29,2020-10-28,2021-01-26,2837.3904009325624,-5650.780801865125,-5587.346501288696,12,True,0.001914077302879271,0.010097920263948306,0.003495179231161763,0.036105330559743555,-0.000470001822422913,0.07022981148767543,,
11,tvtp_logrv,2016-10-29,2020-10-28,2021-01-26,2871.7028415780314,-5707.405683156063,-5612.25423229142,18,False,0.0018382752260606555,0.007774114155873656,0.004384626001340032,0.026192826664993944,-0.0015024967319813925,0.06857221176177639,68.62488129093799,7.824741201161166e-13
11,tvtp_exflow,2016-10-29,2020-10-28,2021-01-26,2839.2522036963155,-5642.504407392631,-5547.352956527988,18,True,0.002005954710091236,0.009867301278339527,0.0035453723502583976,0.0356549368036417,-0.0007621592736180112,0.07050561875258532,3.7236055275061517,0.7140207533182945
11,tvtp_both,2016-10-29,2020-10-28,2021-01-26,2884.609144349559,-5721.218288699118,-5594.349687546261,24,False,0.0015063020184244913,0.007762620967969955,0.00524834374159926,0.02601439654507677,-0.002221530242461552,0.06730309540839702,94.4374868339928,6.79208616888554e-15
12,baseline,2017-01-28,2021-01-27,2021-04-27,2790.7693697480636,-5557.538739496127,-5494.104438919699,12,True,0.0019608336609413736,0.010380656313372462,0.003552326495088558,0.037783271542344,0.0011680440173942894,0.06826112746166682,,
12,tvtp_logrv,2017-01-28,2021-01-27,2021-04-27,2821.967820315786,-5607.935640631572,-5512.784189766929,18,True,0.0020199193889071797,0.009272674627839457,0.004806183351892116,0.029396198184835486,-0.000890297263221883,0.06908810779261888,62.39690113544475,1.4646832922089086e-11
12,tvtp_exflow,2017-01-28,2021-01-27,2021-04-27,2791.917149357342,-5547.834298714684,-5452.682847850041,18,True,0.002119140543297546,0.010375318833925078,0.003503279703611679,0.03784109263952383,0.0010734310313140411,0.06809601194858149,2.295559218557173,0.8906096327326423
12,tvtp_both,2017-01-28,2021-01-27,2021-04-27,2831.5682396453276,-5615.136479290655,-5488.267878137798,24,True,0.0016622641023410387,0.008899867528726527,0.005242770139236045,0.027916282032202557,-0.0007746138946439973,0.06678776873741732,81.59773979452802,2.044187830936012e-12
13,baseline,2017-04-29,2021-04-28,2021-07-27,2754.8356709179034,-5485.671341835807,-5422.237041259378,12,True,0.0013344582694275028,0.010257811533866668,0.0031246082289248223,0.037872306110104184,0.0028248880196628623,0.06775693793636059,,
13,tvtp_logrv,2017-04-29,2021-04-28,2021-07-27,2788.854578323259,-5541.709156646518,-5446.557705781875,18,False,0.0014626955794614124,0.009738184896867133,0.004252715619642402,0.03200709853258736,0.00032401667429437,0.0717046366043464,68.0378148107111,1.0320611275253125e-12
13,tvtp_exflow,2017-04-29,2021-04-28,2021-07-27,2757.0261206739433,-5478.052241347887,-5382.900790483243,18,True,0.0014247258722516574,0.009973064712352372,0.003637757418564913,0.03715005208207387,0.0015436450641863203,0.07002706274374984,4.38089951207985,0.6252756830606314
13,tvtp_both,2017-04-29,2021-04-28,2021-07-27,2792.6972728272444,-5537.394545654489,-5410.525944501632,24,False,0.0016538285586612162,0.009491764145148043,0.004013609722979816,0.031007423594170944,0.0007220587459323141,0.07058611576350377,75.72320381868212,2.6813863879341562e-11
14,baseline,2017-07-29,2021-07-28,2021-10-26,2763.372455254096,-5502.744910508192,-5439.310609931764,12,True,0.0012205812329229562,0.010444108244141416,0.003157547818245341,0.03872565158038226,0.00018788860530807963,0.06604995366227474,,
14,tvtp_logrv,2017-07-29,2021-07-28,2021-10-26,2797.3193451416346,-5558.638690283269,-5463.487239418626,18,True,0.0014802354155092278,0.009775086607382397,0.003469356998229375,0.032988627540975916,-0.0011380451093017149,0.07155493510704891,67.89377977507684,1.1045759182180104e-12
14,tvtp_exflow,2017-07-29,2021-07-28,2021-10-26,2768.9380051512244,-5501.876010302449,-5406.7245594378055,18,True,0.0014243936830042824,0.010370239976610459,0.003262162381921026,0.03905007925929759,-0.0009557143308122084,0.07001039759116524,11.131099794256443,0.08440816413946914
14,tvtp_both,2017-07-29,2021-07-28,2021-10-26,2804.5703284535425,-5561.140656907085,-5434.272055754228,24,True,0.0016019712400031324,0.011304986920620345,0.0029865881296300485,0.036510796023687446,-0.0006125413790459606,0.07367855605669742,82.3957463988927,1.4381888075387285e-12
15,baseline,2017-10-28,2021-10-27,2022-01-25,2782.105681893412,-5540.211363786824,-5476.777063210396,12,True,0.0013926705794692078,0.010172376003902148,0.0025646227059667537,0.03876862349105564,0.0001633015464885826,0.06525782454645451,,
15,tvtp_logrv,2017-10-28,2021-10-27,2022-01-25,2814.574822535429,-5593.149645070858,-5497.998194206215,18,True,0.0014589331232820887,0.009689075674151568,0.0033283278776517398,0.03267812427318886,-0.001768132999549445,0.07110706680255961,64.93828128403402,4.4409720601598186e-12
15,tvtp_exflow,2017-10-28,2021-10-27,2022-01-25,2784.7351803220236,-5533.470360644047,-5438.318909779404,18,True,0.0015720554594844474,0.009973749972536831,0.002808449096909438,0.03873587740139605,-0.0004111124095901201,0.06463091789171121,5.258996857222883,0.5110496147605554
15,tvtp_both,2017-10-28,2021-10-27,2022-01-25,2822.0321959810008,-5596.0643919620015,-5469.1957908091445,24,True,0.00183894705131569,0.011128456987083294,0.0026320069356482816,0.03683452205519703,-0.0014523159536570724,0.07423612216571614,79.85302817517731,4.402465182554523e-12
16,baseline,2018-01-27,2022-01-26,2022-04-26,2849.0946210731818,-5674.1892421463635,-5610.754941569935,12,True,0.0014169479193685507,0.010073925403236594,0.0012773645821372095,0.03943423393165964,-0.0024951809899683712,0.07398762028026479,,
16,tvtp_logrv,2018-01-27,2022-01-26,2022-04-26,2884.401034909697,-5732.802069819394,-5637.650618954751,18,True,0.0013668014829364738,0.00944724234186726,0.0018288504392370163,0.03236358975382662,-0.0025503900516885745,0.07160992676296851,70.61282767303055,3.061155229520763e-13
16,tvtp_exflow,2018-01-27,2022-01-26,2022-04-26,2852.4474225398117,-5668.894845079623,-5573.74339421498,18,True,0.0015517492866808163,0.009979016945455879,0.0014101665899855544,0.03981992649158015,-0.004136400023395691,0.07709328007954652,6.705602933259797,0.34893281705482004
16,tvtp_both,2018-01-27,2022-01-26,2022-04-26,2888.2412998845157,-5728.482599769031,-5601.613998616174,24,True,0.0015077982810906305,0.011387697399381187,0.0017060787469968045,0.03691977905555537,-0.0036003332306131708,0.07472948779979878,78.29335762266783,8.723836951233824e-12
17,baseline,2018-04-28,2022-04-27,2022-07-26,2900.0707584583433,-5776.141516916687,-5712.707216340258,12,True,0.0009913444130580445,0.010725018094716297,0.0016279688533554447,0.02510885925398909,-0.0007041206752378239,0.06769537383745215,,
17,tvtp_logrv,2018-04-28,2022-04-27,2022-07-26,2943.8645384101865,-5851.729076820373,-5756.57762595573,18,True,0.0014395852222884422,0.009269743069503749,0.0013148180141569913,0.03127781837581326,-0.0006978680363886653,0.07173213632732112,87.58755990368627,9.598974671725798e-17
17,tvtp_exflow,2018-04-28,2022-04-27,2022-07-26,2907.925394395291,-5779.850788790582,-5684.699337925938,18,True,0.001347109360473262,0.015736447467126363,0.003034156849741735,0.03959585710166998,-0.013512901770734885,0.0809846800099518,15.709271873894977,0.015402474528114808
17,tvtp_both,2018-04-28,2022-04-27,2022-07-26,2949.659045601155,-5851.31809120231,-5724.449490049453,24,False,0.0012725129836901672,0.008797548040032063,0.0016699728747757098,0.029271554122741954,-0.0011156514603127268,0.06876676476935017,99.17657428562325,8.070728032525119e-16
18,baseline,2018-07-28,2022-07-27,2022-10-25,2889.6514119593853,-5755.302823918771,-5691.868523342342,12,True,0.0011964871781792391,0.00912620810847991,0.0014178016747339306,0.03669613868741819,-0.004889062485258885,0.07819483983295088,,
18,tvtp_logrv,2018-07-28,2022-07-27,2022-10-25,2924.4158463605263,-5812.831692721053,-5717.680241856409,18,True,0.0013171192206049148,0.008796692471940863,0.0010077264933734738,0.030417635389202956,-0.001221841793585579,0.0709362868864963,69.52886880228198,5.107520283001617e-13
18,tvtp_exflow,2018-07-28,2022-07-27,2022-10-25,2893.7793899205017,-5751.558779841003,-5656.40732897636,18,True,0.0012772270333240411,0.009021762990381111,0.0018566386491989514,0.036421175069660014,-0.007007111794193265,0.07694798826770476,8.255955922232715,0.21994468785095087
18,tvtp_both,2018-07-28,2022-07-27,2022-10-25,2929.0910817971426,-5810.182163594285,-5683.313562441428,24,True,0.0016184281479361907,0.009114399379410396,0.0008088865496161711,0.030606812068410337,-0.0010539574039126892,0.07068349753840658,78.87933967551453,6.748562762553362e-12
19,baseline,2018-10-27,2022-10-26,2023-01-24,2872.4446563156816,-5720.889312631363,-5657.455012054935,12,True,0.0006822911975237537,0.012026768058237821,0.0015692144014851097,0.025029906732633826,-0.0011484656802959897,0.0683935896104339,,
19,tvtp_logrv,2018-10-27,2022-10-26,2023-01-24,2911.5678538741695,-5787.135707748339,-5691.984256883696,18,False,0.0010871794429239603,0.010679381785365398,0.0012829558390327167,0.031944823498069826,-0.0012311138010433378,0.07345866357832911,78.24639511697569,8.223220744300186e-15
19,tvtp_exflow,2018-10-27,2022-10-26,2023-01-24,2874.3775435780008,-5712.7550871560015,-5617.603636291358,18,True,0.0005832397045264373,0.012224280434879182,0.0016299300664275374,0.025444058265695464,-0.0012515399759429875,0.06867565316637439,3.8657745246382547,0.6948349262684328
19,tvtp_both,2018-10-27,2022-10-26,2023-01-24,2913.4873917184564,-5778.974783436913,-5652.106182284056,24,False,0.001080747119853248,0.010705906826661189,0.0013443639770942652,0.032168313585091715,-0.0014782411924989258,0.0739864354023473,82.08547080554945,1.6489697905031451e-12
20,baseline,2019-01-26,2023-01-25,2023-04-25,2914.3138720367724,-5804.627744073545,-5741.193443497116,12,True,0.0012536625354353224,0.01552206116552989,0.002371978214041944,0.032931441450970066,-0.0029978105804502595,0.07758434305392428,,
20,tvtp_logrv,2019-01-26,2023-01-25,2023-04-25,2950.7272995697804,-5865.454599139561,-5770.3031482749175,18,True,0.0013427420364012707,0.010445357491556177,0.0014569242106098389,0.03069929318803172,0.0005222294427198698,0.07417070839915707,72.82685506601592,1.0744457809281849e-13
20,tvtp_exflow,2019-01-26,2023-01-25,2023-04-25,2917.387476770269,-5798.774953540538,-5703.623502675895,18,True,0.0010561996171166957,0.014081304844269327,0.002270134955285273,0.030841022555512042,-0.0022254209007879226,0.07595329620151602,6.147209466993445,0.40690340497243627
20,tvtp_both,2019-01-26,2023-01-25,2023-04-25,2955.3710708668864,-5862.742141733773,-5735.873540580916,24,True,0.0013737599850580325,0.010368256926567301,0.0009280322943518117,0.027776935857638598,0.001942029631838542,0.06891054038087607,82.11439766022795,1.6280824692142013e-12
21,baseline,2019-04-27,2023-04-26,2023-07-25,2889.692751670925,-5755.38550334185,-5691.951202765422,12,False,0.0006049103156724495,0.017905720032595475,0.00314842574269073,0.034563428775142666,-0.004755206042952909,0.07878321197872992,,
21,tvtp_logrv,2019-04-27,2023-04-26,2023-07-25,2924.4641833753176,-5812.928366750635,-5717.776915885992,18,True,0.000837918198798771,0.010362529515299902,0.001594950578126302,0.030570176886847406,0.0002527416605648177,0.0737024374582358,69.5428634087848,5.073889439565018e-13
21,tvtp_exflow,2019-04-27,2023-04-26,2023-07-25,2908.4497058231946,-5780.899411646389,-5685.747960781746,18,True,0.0005373981749756437,0.010948409010170178,0.0030657424380198446,0.03707373283479234,-0.008361972913545365,0.0800354913614224,37.513908304538745,1.3979109072499076e-06
21,tvtp_both,2019-04-27,2023-04-26,2023-07-25,2928.030960269036,-5808.061920538072,-5681.193319385215,24,True,0.0006964910400296978,0.009489336798322364,0.0014255557042752074,0.028821499345598318,0.0009602708876742281,0.0715090094442549,76.67641719622134,1.7691581853409573e-11
22,baseline,2019-07-27,2023-07-26,2023-10-24,2990.2714519619485,-5956.542903923897,-5893.1086033474685,12,True,0.0002405128369960737,0.012182939861926896,0.0021775015844939564,0.040348154779027,-0.024576199012186748,0.11769828375300596,,
22,tvtp_logrv,2019-07-27,2023-07-26,2023-10-24,3015.5673517389723,-5995.134703477945,-5899.983252613301,18,True,0.000456932291124893,0.009075072252558582,0.0011242037749971887,0.02961309761172854,-0.00035987504262030025,0.07517799522025612,50.59179955404761,3.5768769878328408e-09
22,tvtp_exflow,2019-07-27,2023-07-26,2023-10-24,2993.554352799435,-5951.10870559887,-5855.957254734227,18,True,0.0002644255548001912,0.010942863669372072,0.002598353776396824,0.03777577540066389,-0.016253212180234768,0.08970200881417732,6.565801674973045,0.3628720322402733
22,tvtp_both,2019-07-27,2023-07-26,2023-10-24,3017.029042235359,-5986.058084470718,-5859.189483317861,24,False,0.000429009401147624,0.009251899911579133,0.0011246683039728004,0.029865894823268475,-0.0002930064006172968,0.07579825995721257,53.515180546821284,3.3349435835978215e-07
23,baseline,2019-10-26,2023-10-25,2024-01-23,3043.0710453440524,-6062.142090688105,-5998.707790111676,12,True,0.0002217959168766379,0.01083999398672981,0.002619370217231611,0.038839531534068834,-0.024560716334792374,0.1100657037216267,,
23,tvtp_logrv,2019-10-26,2023-10-25,2024-01-23,3072.677386012177,-6109.354772024354,-6014.203321159711,18,True,0.0004012169317221852,0.010396898860276609,0.0022850834143316183,0.03820634577109466,-0.01891420029673836,0.11303386065206895,59.21268133624926,6.504079044940348e-11
23,tvtp_exflow,2019-10-26,2023-10-25,2024-01-23,3046.697052187742,-6057.394104375484,-5962.242653510841,18,True,0.0001852582784999257,0.0103242572983919,0.0030572362298365904,0.037932691729385556,-0.019824481917871156,0.09175793382344677,7.252013687379076,0.29816872112714987
23,tvtp_both,2019-10-26,2023-10-25,2024-01-23,3076.8271828841052,-6105.6543657682105,-5978.785764615353,24,True,0.00034948656018561234,0.010180045733602984,0.002154507932454174,0.038279865973809044,-0.01950237412470143,0.12052515434549135,67.51227508010561,9.325480010540256e-10
24,baseline,2020-01-25,2024-01-24,2024-04-23,3055.202457829747,-6086.404915659494,-6022.970615083065,12,False,0.0006874475657089173,0.010849148231753834,0.002597366138545329,0.038560864324304577,-0.02324630727531028,0.10683003219649845,,
24,tvtp_logrv,2020-01-25,2024-01-24,2024-04-23,3088.0697988169877,-6140.139597633975,-6044.988146769332,18,True,0.0009201794888195454,0.01105837771347277,0.002022311916104287,0.03954809945207225,-0.021814179489069833,0.12616943501568695,65.73468197448165,3.053555730777762e-12
24,tvtp_exflow,2020-01-25,2024-01-24,2024-04-23,3059.1178218460495,-6082.235643692099,-5987.084192827456,18,True,0.000596304402858129,0.010469018799444696,0.0030766298690668124,0.03777481879027512,-0.019381894244038165,0.09072706054423357,7.830728032605293,0.2507688116558404
24,tvtp_both,2020-01-25,2024-01-24,2024-04-23,3090.7608948956413,-6133.521789791283,-6006.6531886384255,24,True,0.0008007351432060896,0.010625139582479527,0.002129396756854722,0.038627031172947225,-0.019996438322219395,0.12091658837852104,71.11687413178879,1.9785578766030166e-10
25,baseline,2020-04-25,2024-04-24,2024-07-23,3110.909053487393,-6197.818106974786,-6134.383806398358,12,True,-0.00024858287833256907,0.008713282553584055,0.002999592123831496,0.022638991828981353,-6.398027766285113e-05,0.05348558964211191,,
25,tvtp_logrv,2020-04-25,2024-04-24,2024-07-23,3136.6000963390356,-6237.200192678071,-6142.048741813428,18,True,-0.0003929214704439934,0.008163642245606036,0.002897345506080799,0.02175899687392489,0.0004328362411405982,0.05173677234382575,51.382085703285156,2.4821734658863442e-09
25,tvtp_exflow,2020-04-25,2024-04-24,2024-07-23,3115.793978377944,-6195.587956755888,-6100.436505891244,18,True,0.0005826190823316871,0.010170375514391409,0.0035008374243821142,0.03514204315601384,-0.0010432363830629357,0.04881748019445159,9.769849781101584,0.134684753369756
25,tvtp_both,2020-04-25,2024-04-24,2024-07-23,3140.0946191973662,-6232.1892383947325,-6105.320637241875,24,True,-0.0003533002090337917,0.008086047882601696,0.002986743443116355,0.02166529819799503,0.000410037481101759,0.051133209633506156,58.37113141994632,4.46438742986965e-08
26,baseline,2020-07-25,2024-07-24,2024-10-22,3111.2143816364987,-6198.4287632729975,-6134.994462696569,12,False,0.00026439905591313574,0.01014834102617939,0.003241125198224008,0.03272513096764427,-0.0004965806006813593,0.04819918661189344,,
26,tvtp_logrv,2020-07-25,2024-07-24,2024-10-22,3133.936350863434,-6231.872701726868,-6136.721250862225,18,False,-0.0004465903350066288,0.008440033017510805,0.002112310985136604,0.022447363237342824,0.001162167696767547,0.05175061310474929,45.44393845387094,3.819589612325451e-08
26,tvtp_exflow,2020-07-25,2024-07-24,2024-10-22,3118.560615912661,-6201.121231825322,-6105.969780960679,18,True,0.00015751281627455856,0.010529265578099375,0.0033792119181137027,0.034579903507386094,-0.0011620621049593435,0.04932273320309335,14.692468552324499,0.02278832126733137
26,tvtp_both,2020-07-25,2024-07-24,2024-10-22,3139.188741835364,-6230.377483670728,-6103.508882517871,24,False,-0.00023093036320964412,0.0094860109960164,0.0030363266239082274,0.025021183207946416,0.00012359800574555295,0.05234564552576315,55.94872039773054,1.2226478885549906e-07
27,baseline,2020-10-24,2024-10-23,2025-01-21,3107.683066106618,-6191.366132213236,-6127.931831636807,12,True,-0.0005681508614009484,0.00850376609702669,0.003012863224902223,0.029710832453686567,-0.0001591504833151053,0.04747335576271098,,
27,tvtp_logrv,2020-10-24,2024-10-23,2025-01-21,3130.602116644013,-6225.204233288026,-6130.052782423383,18,False,-0.0007883589161439697,0.008555429411492564,0.003248591964627881,0.026367687912262322,-0.0005332670600152998,0.05191413531528997,45.83810107479076,3.188593314759208e-08
27,tvtp_exflow,2020-10-24,2024-10-23,2025-01-21,3115.2310884082553,-6194.462176816511,-6099.310725951867,18,True,-0.0007730021244779962,0.008675207603563601,0.003425392096177355,0.030080314812404044,-0.0006010436193137855,0.047689633017355786,15.096044603275004,0.01952271459751413
27,tvtp_both,2020-10-24,2024-10-23,2025-01-21,3133.6686589088904,-6219.337317817781,-6092.468716664924,24,True,-0.0004782076526322174,0.009337391290064008,0.0038490689043488985,0.032662445734103276,-0.0053183827898153875,0.05678084021507921,51.9711856045451,6.273004701980815e-07
28,baseline,2021-01-23,2025-01-22,2025-04-22,3147.395679248712,-6270.791358497424,-6207.357057920995,12,False,-0.0006400067432071581,0.00818539566314309,0.0030096513083381843,0.028796041730739828,-0.0018240247285139619,0.04734283090678127,,
28,tvtp_logrv,2021-01-23,2025-01-22,2025-04-22,3169.5812448908246,-6303.162489781649,-6208.011038917006,18,True,-0.0002948867448913949,0.007358774896319108,0.001197339818170167,0.025208131136235393,0.0008157037162355265,0.05672975625819569,44.37113128422516,6.239413848191871e-08
28,tvtp_exflow,2021-01-23,2025-01-22,2025-04-22,3154.2903086444544,-6272.580617288909,-6177.4291664242655,18,True,-0.0007346994166435232,0.008252564850600452,0.0029772290094833695,0.029617211349886048,-0.0027166682301882285,0.0495708967618067,13.789258791484826,0.03208092559128922
28,tvtp_both,2021-01-23,2025-01-22,2025-04-22,3175.8772914078804,-6303.754582815761,-6176.885981662904,24,True,-0.0005552591734645167,0.007410041542937634,0.0009729193066544966,0.02507993072802226,0.0018198921535964696,0.05524604333854459,56.96322431833687,8.025968406256827e-08
29,baseline,2021-04-24,2025-04-23,2025-07-22,3182.9618390801206,-6341.923678160241,-6278.489377583813,12,True,-0.0006659830842408952,0.008066050683551044,0.0026570180650224194,0.028207367296075158,-0.00373226946393504,0.048794104066735386,,
29,tvtp_logrv,2021-04-24,2025-04-23,2025-07-22,3204.085861562714,-6372.171723125428,-6277.020272260785,18,True,-0.00047186833909933744,0.00703605532938033,0.0015017596462943987,0.024296682384779614,-0.0018343290490829092,0.05417157691480492,42.24804496518664,1.6426239563076812e-07
29,tvtp_exflow,2021-04-24,2025-04-23,2025-07-22,3191.169231825551,-6346.338463651102,-6251.187012786459,18,True,-0.000865891494608119,0.008309268676326744,0.003196810751399094,0.028966356758273137,-0.004954160800762201,0.04874232578316238,16.414785490860595,0.011692592789059887
29,tvtp_both,2021-04-24,2025-04-23,2025-07-22,3209.880921766483,-6371.761843532966,-6244.893242380109,24,True,-0.0005807566842973596,0.007368764087986702,0.0009836288957126276,0.024920391973588616,-9.202879587917128e-05,0.054266374421056654,53.83816537272469,2.920642038494267e-07
30,baseline,2021-07-24,2025-07-23,2025-10-21,3287.5794290549347,-6551.1588581098695,-6487.724557533441,12,True,-0.0005904065406051533,0.007417263073284718,0.002137876975727285,0.024446507067941086,-0.001625605836430474,0.05408119748805783,,
30,tvtp_logrv,2021-07-24,2025-07-23,2025-10-21,3303.119865080108,-6570.239730160216,-6475.088279295573,18,True,-0.00023673873015165337,0.007625474070265676,0.0013265049158173504,0.025136729314354393,0.0010718427253950562,0.055493797387135564,31.080872050346443,2.4463738209218522e-05
30,tvtp_exflow,2021-07-24,2025-07-23,2025-10-21,3292.79057970529,-6549.58115941058,-6454.429708545937,18,True,-0.0007161776333805022,0.007752936748689565,0.002361113124259689,0.025456336804995577,-0.0028440360122275973,0.05667482005523767,10.422301300710387,0.10795783896788501
30,tvtp_both,2021-07-24,2025-07-23,2025-10-21,3308.1272507819945,-6568.254501563989,-6441.385900411132,24,False,-0.0002942253684137928,0.007473095590748338,0.0015261976858287167,0.02240658050272964,0.0007043485555254067,0.0461756593680589,41.095643454119454,4.723086669634396e-05
31,baseline,2021-10-23,2025-10-22,2026-01-20,3355.3734850135943,-6686.746970027189,-6623.31266945076,12,True,-0.0005662388663173614,0.007538930761140574,0.001600510822395644,0.02332481252382593,-0.0027428593614973007,0.053277933557329266,,
31,tvtp_logrv,2021-10-23,2025-10-22,2026-01-20,3369.3709822196397,-6702.741964439279,-6607.590513574636,18,False,-0.0002479398621187337,0.007851927749733718,0.0008642763765946519,0.024432630932446065,-0.0004442856084175332,0.056562084668737,27.99499441209082,9.416691639251196e-05
31,tvtp_exflow,2021-10-23,2025-10-22,2026-01-20,3358.9843330915583,-6681.9686661831165,-6586.817215318473,18,True,-0.0006840548330650301,0.007886209277900178,0.0016571834985632983,0.024240576926992923,-0.0034694374271806287,0.05645855976234441,7.22169615592793,0.3008307373883843
31,tvtp_both,2021-10-23,2025-10-22,2026-01-20,3377.1291720563254,-6706.258344112651,-6579.389742959794,24,True,-0.0003934577651931113,0.00764712059263174,0.0011848120609367285,0.023384420558289397,-0.00156619350583688,0.05442056842124133,43.511374085462194,1.84925879970295e-05
32,baseline,2022-01-22,2026-01-21,2026-04-21,3390.6072531981704,-6757.214506396341,-6693.780205819912,12,True,-0.00044917374262159955,0.007474310524708437,0.0011790235059985748,0.023064906413423913,-2.261500576305943e-05,0.053688454470156736,,
32,tvtp_logrv,2022-01-22,2026-01-21,2026-04-21,3402.12434619327,-6768.24869238654,-6673.097241521897,18,True,-0.00023421877903637432,0.007691699516839771,0.0010394049184082785,0.023568713284652744,0.00023334102031469632,0.05632518252260858,23.03418599019915,0.0007851092911232241
32,tvtp_exflow,2022-01-22,2026-01-21,2026-04-21,3395.326050966971,-6754.652101933942,-6659.500651069298,18,True,-0.0006108442592827946,0.008081155674855515,0.0013432955241939747,0.024159191360717956,-0.0004213193137961563,0.05738916612541593,9.437595537600828,0.15042221067271158
32,tvtp_both,2022-01-22,2026-01-21,2026-04-21,3407.477376458261,-6766.954752916522,-6640.086151763665,24,False,-0.00021569726757428347,0.00711624137089161,0.0009047280854361423,0.02091063476488629,0.0006210815615858988,0.04667032199381654,33.740246520181245,0.0007411647963984307
33,baseline,2022-04-23,2026-04-22,2026-05-23,3404.034613662525,-6784.06922732505,-6720.634926748621,12,False,-0.0004971555319667239,0.00814665328658034,0.0013877998910976194,0.02526699123313956,-0.0024770409827400853,0.0555084336508761,,
33,tvtp_logrv,2022-04-23,2026-04-22,2026-05-23,3417.890781039847,-6799.781562079694,-6704.63011121505,18,True,-0.00025578074664076955,0.007011976099709723,8.835666910993283e-05,0.023924904647794044,0.004919470838131779,0.05840907790908479,27.712334754643962,0.0001064363195731671
33,tvtp_exflow,2022-04-23,2026-04-22,2026-05-23,3408.3904049586376,-6780.780809917275,-6685.629359052632,18,False,-0.0007535470124281061,0.008642991102373711,0.0020048557121104087,0.02606961848018544,-0.004068797086282747,0.0524422629848649,8.711582592225568,0.1904599316875181
33,tvtp_both,2022-04-23,2026-04-22,2026-05-23,3420.996925686636,-6793.993851373272,-6667.125250220415,24,True,-0.0003496026249692664,0.007212067355279722,0.0008023049678636093,0.0233644970041948,0.0002175480316955341,0.055150993368747646,33.92462404822254,0.0006932503237048954
