window,spec,train_start,test_start,test_end,loglik,aic,bic,n_params,converged,mu0,sigma0,mu1,sigma1,beta1_0,beta2_0,beta1_1,beta2_1,lr_stat,lr_p,beta1_2,beta2_2
0,baseline,2014-02-01,2018-01-31,2018-05-01,2983.589828151286,-5955.179656302572,-5923.462506014357,6,True,0.0020360358097332265,0.01675635838076033,0.0012601060683058685,0.058119361313767874,2.592122063807185,2.165234115651254,,,,,,
0,tvtp_logrv,2014-02-01,2018-01-31,2018-05-01,3017.2680995272503,-6018.536199054501,-5976.246665336882,8,True,0.0019382009633931647,0.014939209653851508,0.0013937327165258328,0.0593725529789479,0.9355522432114423,-0.1555738383428968,-1.2615151012902441,1.198712142713814,67.35654275192883,2.364354436035077e-15,,
0,tvtp_exflow,2014-02-01,2018-01-31,2018-05-01,2984.4133380989933,-5952.826676197987,-5910.537142480368,8,True,0.002080416052112435,0.016834805423682386,0.0011873498843243929,0.058150460693653094,2.6236580903801032,2.1734455806480177,-0.3735075202615074,0.11385803270013485,1.6470198954148145,0.4388884722587907,,
0,tvtp_both,2014-02-01,2018-01-31,2018-05-01,3018.858852663121,-6017.717705326242,-5964.8557881792185,10,True,0.0019940014728829047,0.015123491566846656,0.001301760120243376,0.05952696202075607,0.9498999120457381,-0.28362642280115113,-1.2643529012435453,1.3595257756966816,70.53804902367028,1.747403283285815e-14,-0.37269464853836476,0.10628260955949155
1,baseline,2014-05-03,2018-05-02,2018-07-31,2967.9712077504437,-5923.942415500887,-5892.225265212673,6,True,0.0021868393137859246,0.016688356362657027,0.0018854172568548693,0.05596777845810915,2.788135922132854,2.5269531535035035,,,,,,
1,tvtp_logrv,2014-05-03,2018-05-02,2018-07-31,3002.7499785184455,-5989.499957036891,-5947.210423319272,8,True,0.002190590649704343,0.014602982378064606,0.0018699319296223522,0.05746027495047421,0.7426564965398926,-0.3167350701881352,-1.3275634029984662,1.709669739352708,69.55754153600355,7.866322873623244e-16,,
1,tvtp_exflow,2014-05-03,2018-05-02,2018-07-31,2968.8791059396885,-5921.758211879377,-5879.468678161758,8,True,0.0022380923911525926,0.016729239147637423,0.001817311123510566,0.055943229538400356,2.826908442072407,2.5407878957373944,-0.3839314167582941,0.11073265543226841,1.815796378489722,0.4033711434973526,,
1,tvtp_both,2014-05-03,2018-05-02,2018-07-31,3004.409955332087,-5988.819910664174,-5935.9579935171505,10,True,0.002249676473954455,0.014806918767208868,0.001785205311041938,0.057683331601633345,0.7724995876859021,-0.4381433557846983,-1.3381970300902124,1.8531196171903848,72.87749516328677,5.599823128087324e-15,-0.4322277470075215,0.053665164268607395
2,baseline,2014-08-02,2018-08-01,2018-10-30,2935.52118627811,-5859.04237255622,-5827.325222268005,6,True,0.0024758105429410425,0.016586110495392443,0.0008652779934549427,0.05596409475147791,2.530591921259837,2.3198187113078563,,,,,,
2,tvtp_logrv,2014-08-02,2018-08-01,2018-10-30,2973.5338683265845,-5931.067736653169,-5888.77820293555,8,True,0.0023248851763874724,0.014193222645684489,0.0010600497838472685,0.056598094341859854,0.6600223843419543,-0.029744822737903485,-1.2387770496190906,1.4829340092713212,76.02536409694949,3.099573534229142e-17,,
2,tvtp_exflow,2014-08-02,2018-08-01,2018-10-30,2936.446804380873,-5856.893608761746,-5814.604075044127,8,True,0.002549321859794735,0.016661631220971976,0.0007701970374355201,0.05599464702048261,2.5554664633236586,2.3230594406987426,-0.38143249475859464,0.09704466157621153,1.8512362055262201,0.39628639764121626,,
2,tvtp_both,2014-08-02,2018-08-01,2018-10-30,2974.817454103174,-5929.634908206348,-5876.772991059324,10,True,0.002372401726977215,0.014459978410020996,0.0009816248764591448,0.056910673403888085,0.6755036151149648,-0.14611109673689188,-1.2467535735397803,1.6046213407592131,78.59253565012841,3.460290405263869e-16,-0.3301383435310819,0.10342945095787151
3,baseline,2014-11-01,2018-10-31,2019-01-29,2966.5035894135062,-5921.0071788270125,-5889.290028538798,6,True,0.0027926543108483717,0.01666089468139875,0.0009214749338072425,0.05685575496608408,2.603746867382086,2.258138738788194,,,,,,
3,tvtp_logrv,2014-11-01,2018-10-31,2019-01-29,3006.3490409613914,-5996.698081922783,-5954.408548205164,8,True,0.002651910838437108,0.01416522663217586,0.00115485152705666,0.057082049822465224,0.767059156996346,-0.2539573375531143,-1.1680541964992999,1.7585217228191374,79.69090309577041,4.9583852138564275e-18,,
3,tvtp_exflow,2014-11-01,2018-10-31,2019-01-29,2967.4018003192596,-5918.803600638519,-5876.5140669209,8,True,0.0028664702227425747,0.016767691157542723,0.0008115545120851746,0.05692229145323641,2.6349484244481007,2.260238572917315,-0.3852153946070086,0.09109889797650508,1.7964218115066615,0.40729770225385065,,
3,tvtp_both,2014-11-01,2018-10-31,2019-01-29,3007.7340500366604,-5995.468100073321,-5942.606182926297,10,True,0.0027000908279793154,0.014319127225394723,0.0010714575871372926,0.05736097377794741,0.7694861862507936,-0.3460280419963729,-1.1825837049750774,1.8093509026574164,82.46092124630832,5.2416049212404797e-17,-0.16645153025112305,0.15799624098266205
4,baseline,2015-01-31,2019-01-30,2019-04-30,2988.862038841915,-5965.72407768383,-5934.006927395615,6,True,0.0025913182888120914,0.01573607297642276,0.0009326099178432331,0.05452025383552319,2.537763286568879,2.2990153302012613,,,,,,
4,tvtp_logrv,2015-01-31,2019-01-30,2019-04-30,3037.7787195152173,-6059.557439030435,-6017.267905312816,8,True,0.0023454274465320563,0.012776391635745872,0.0012727743839677306,0.05464088139675437,0.5800663396988213,-0.17499273018945374,-1.1318761855975135,1.780540216441218,97.83336134660476,5.698433842240611e-22,,
4,tvtp_exflow,2015-01-31,2019-01-30,2019-04-30,2989.9462529986845,-5963.892505997369,-5921.60297227975,8,True,0.0026868124559726145,0.01584705758847867,0.0008129704426468277,0.054508565535702255,2.565002560015028,2.3220539842593126,-0.30637794972425364,0.17534498083354103,2.1684283135391524,0.3381674280885958,,
4,tvtp_both,2015-01-31,2019-01-30,2019-04-30,3040.388786527547,-6060.777573055094,-6007.91565590807,10,True,0.0024712889176903316,0.013010703670475458,0.0011010239585505968,0.055067364126885225,0.5558448702201745,-0.31006283769398374,-1.191839063930185,1.8206659436396844,103.05349537126403,2.200889918157155e-21,-0.24488927479324385,0.20175815999879484
5,baseline,2015-05-02,2019-05-01,2019-07-30,3035.3231637975373,-6058.646327595075,-6026.92917730686,6,True,0.002419444755786341,0.013816601279190599,0.001806018623561442,0.05408158190350379,2.2730579488786105,2.103781012949425,,,,,,
5,tvtp_logrv,2015-05-02,2019-05-01,2019-07-30,3085.5514183284467,-6155.1028366568935,-6112.813302939275,8,True,0.0023162904633045934,0.0121103421732001,0.0019198980932410249,0.05494171584390618,0.7107719404047639,-0.05094465893455774,-1.1025797889617452,1.649935685797297,100.4565090618189,1.5351337563950777e-22,,
5,tvtp_exflow,2015-05-02,2019-05-01,2019-07-30,3035.8533169733455,-6055.706633946691,-6013.417100229072,8,True,0.002440094829788605,0.013798127938910509,0.0017840368075558197,0.054007852237515086,2.2546779239536665,2.0952588762232556,-0.190058888290226,0.10247294462930241,1.0603063516164184,0.5885148165412248,,
5,tvtp_both,2015-05-02,2019-05-01,2019-07-30,3088.505408097821,-6157.010816195642,-6104.148899048619,10,True,0.0024479593114538544,0.01237802203400717,0.0017483252514493507,0.055392806566306865,0.6786732687954217,-0.1943289354703717,-1.1808650961705032,1.7088015910494674,106.36448860056771,4.336124619672686e-22,-0.3677229091348541,0.14110311165110856
6,baseline,2015-08-01,2019-07-31,2019-10-29,2941.548822136878,-5871.097644273756,-5839.380493985541,6,True,0.0027988782610455214,0.013719158525266005,0.0020368762623193394,0.054257085834765545,2.1848469282495544,2.239571812871862,,,,,,
6,tvtp_logrv,2015-08-01,2019-07-31,2019-10-29,2994.8450799451775,-5973.690159890355,-5931.400626172736,8,True,0.0029734819278492853,0.012066741660251814,0.0018288243042064853,0.05559389226579693,0.4886079363903626,0.1270964593447835,-1.2008907694230035,1.6102372460457728,106.59251561659948,7.14051157937623e-24,,
6,tvtp_exflow,2015-08-01,2019-07-31,2019-10-29,2942.5511054557146,-5869.102210911429,-5826.8126771938105,8,True,0.0028163045224653626,0.013644610077515835,0.002024262184388036,0.0541308340621187,2.1430620704348238,2.2221187905357693,-0.19786661586783982,0.18833099805463183,2.0045666376736335,0.3670404133622643,,
6,tvtp_both,2015-08-01,2019-07-31,2019-10-29,2998.417722480994,-5976.835444961988,-5923.973527814965,10,True,0.003101720951917456,0.012318030250965156,0.0016730168454175585,0.0559830112357535,0.45487379485475543,0.019983857930285613,-1.2623340295641805,1.6398023181170995,113.73780068823271,1.1603676655697362e-23,-0.39828195850511855,0.17473712903067018
7,baseline,2015-10-31,2019-10-30,2020-01-28,2899.6174946547953,-5787.234989309591,-5755.517839021376,6,True,0.0022940807148220076,0.013126532279149759,0.0023041062618555353,0.05324247183568853,1.9354299207454615,2.15372455910811,,,,,,
7,tvtp_logrv,2015-10-31,2019-10-30,2020-01-28,2952.701779472106,-5889.403558944212,-5847.114025226593,8,True,0.0024451045780176667,0.011018600500215036,0.002173635408635064,0.054010382618798466,0.21294697204607063,0.3097380642481259,-1.0744956300928077,1.5195119554880239,106.16856963462124,8.826489889243657e-24,,
7,tvtp_exflow,2015-10-31,2019-10-30,2020-01-28,2900.545337825948,-5785.090675651896,-5742.801141934277,8,True,0.0022549460644170453,0.012751020410128672,0.002335348449209549,0.05304351264360111,1.8251570341221817,2.082880299411692,-0.10707676607693356,0.2033187589562539,1.8556863423054892,0.3954056135703712,,
7,tvtp_both,2015-10-31,2019-10-30,2020-01-28,2956.182454093168,-5892.364908186336,-5839.502991039312,10,True,0.0025818295173247355,0.011054610798458675,0.0020542822430048074,0.05413311540920702,0.16740490247624149,0.2853970324297135,-1.113407458227725,1.4777923662826906,113.12991887674525,1.5642582343844518e-23,-0.34926970652981065,0.19712752499752306
8,baseline,2016-01-30,2020-01-29,2020-04-28,2926.1988097680087,-5840.397619536017,-5808.680469247803,6,True,0.0020996827039544874,0.013919909174392179,0.0022735362936363193,0.05281772554199798,2.1286954327973486,2.2626491756791522,,,,,,
8,tvtp_logrv,2016-01-30,2020-01-29,2020-04-28,2968.663591951563,-5921.327183903126,-5879.037650185507,8,True,0.002110215903796649,0.01099774842751727,0.002260452525104642,0.052814791894703436,0.2728748699457674,0.4382640347193825,-1.0005604533987338,1.359840843934016,84.92956436710847,3.612263496984386e-19,,
8,tvtp_exflow,2016-01-30,2020-01-29,2020-04-28,2926.77611126142,-5837.55222252284,-5795.262688805221,8,True,0.0021557627404890293,0.013935154203943397,0.002223442868749584,0.05285998609961564,2.091967298145547,2.2302371371795036,-0.1919304296278183,0.12806425132212595,1.1546029868222831,0.5614112964041507,,
8,tvtp_both,2016-01-30,2020-01-29,2020-04-28,2971.915039984534,-5923.830079969068,-5870.968162822044,10,True,0.0022192752677807417,0.01097520687963149,0.0021678013378100404,0.0528333817538932,0.21907419558159863,0.4145226168662733,-1.0364229266347067,1.3403113959484751,91.43246043305044,6.533731350890876e-19,-0.2391054643110757,0.24063777373827352
9,baseline,2016-04-30,2020-04-29,2020-07-28,2814.809349310779,-5617.618698621558,-5585.901548333343,6,True,0.002863181808164245,0.016271273337976982,0.0009236857070638093,0.05910473326473925,2.017642653244217,1.908035776834578,,,,,,
9,tvtp_logrv,2016-04-30,2020-04-29,2020-07-28,2854.804275684404,-5693.608551368808,-5651.319017651189,8,True,0.002504494759552913,0.013557837432897298,0.001357649403211887,0.05892503214384372,0.445348906088878,0.18820700123352016,-0.9918114370373537,1.282946653541551,79.98985274724964,4.269963589982508e-18,,
9,tvtp_exflow,2016-04-30,2020-04-29,2020-07-28,2815.578587725876,-5615.157175451752,-5572.867641734133,8,True,0.0029677581188274978,0.016640621484640194,0.0007613097583494033,0.05957734597578364,2.0398345451212583,1.8935122310365817,-0.2884789711677777,0.011512344007331667,1.5384768301937584,0.4633658263845629,,
9,tvtp_both,2016-04-30,2020-04-29,2020-07-28,2857.9200358566122,-5695.8400717132245,-5642.978154566201,10,True,0.0027000523508614862,0.014030133494709163,0.001116338522451718,0.059510949310246725,0.4354833798716682,0.07827051035344591,-1.062552179202051,1.3230383353547281,86.22137309166646,8.352385665163408e-18,-0.41333818497269864,0.13122607085537877
10,baseline,2016-07-30,2020-07-29,2020-10-27,2814.9236747328537,-5617.847349465707,-5586.130199177493,6,True,0.002969663296909412,0.016329164941731856,0.0007332183441007414,0.059450608379245914,1.9273505634855739,1.7722537114335863,,,,,,
10,tvtp_logrv,2016-07-30,2020-07-29,2020-10-27,2854.1862975997433,-5692.372595199487,-5650.083061481868,8,True,0.0027281375684693574,0.014191489716307576,0.0010371704052336672,0.05959919228616745,0.5169734516051468,0.08700167092988102,-0.9840218396218344,1.3067905168104923,78.52524573377923,8.880952431065475e-18,,
10,tvtp_exflow,2016-07-30,2020-07-29,2020-10-27,2815.8705588979974,-5615.741117795995,-5573.451584078376,8,True,0.0030607691456111166,0.016660037870897006,0.0005734875079184474,0.05996118165618525,1.9329173687020933,1.736269938840369,-0.286782648164268,0.047418512100004556,1.8937683302874575,0.3879479238905288,,
10,tvtp_both,2016-07-30,2020-07-29,2020-10-27,2857.68925484982,-5695.37850969964,-5642.516592552616,10,True,0.0028272396047851196,0.014349671257184782,0.0009119259024680016,0.05978711065746602,0.4679834972272345,0.047731737285247565,-1.068999863813318,1.2883819251326123,85.5311602339325,1.1702461722387458e-17,-0.48495431476602224,0.09269486187168881
11,baseline,2016-10-29,2020-10-28,2021-01-26,2786.6074278502774,-5561.214855700555,-5529.49770541234,6,True,0.003424166445250294,0.01832579938310161,0.00011782786980684682,0.061965470695068095,1.920961669679758,1.525778472765851,,,,,,
11,tvtp_logrv,2016-10-29,2020-10-28,2021-01-26,2824.393950232069,-5632.787900464138,-5590.498366746519,8,True,0.0033609977078459005,0.01601922162213409,0.00039393502220223955,0.06108226783702267,0.6555111360670345,-0.20885441077892253,-0.803969557275347,1.598757645543067,75.57304476358331,3.88617039765396e-17,,
11,tvtp_exflow,2016-10-29,2020-10-28,2021-01-26,2788.190277570839,-5560.380555141678,-5518.091021424059,8,True,0.0034759783294562086,0.018637488137388906,-3.31758621152341e-05,0.06246860266948049,1.9444900024554463,1.508548201628237,-0.38014660471356315,0.014931455831186422,3.1656994411232517,0.20538896229079218,,
11,tvtp_both,2016-10-29,2020-10-28,2021-01-26,2827.4726503643033,-5634.9453007286065,-5582.083383581583,10,True,0.0034340249668249343,0.01588321649321722,0.0003246368530044083,0.06091907511675713,0.5700236476741916,-0.19410573867778075,-0.8632677584122898,1.4986624804735993,81.73044502805169,7.48708501015438e-17,-0.41593197998318915,0.10204277232329166
12,baseline,2017-01-28,2021-01-27,2021-04-27,2741.99700999318,-5471.99401998636,-5440.276869698146,6,True,0.0033561326499868117,0.019703072834605685,0.0011709003616098283,0.06217405524452148,2.0047606663704896,1.616413476377973,,,,,,
12,tvtp_logrv,2017-01-28,2021-01-27,2021-04-27,2778.218784438129,-5540.437568876258,-5498.14803515864,8,True,0.0032680172684759006,0.016646187874792336,0.001476278863918542,0.06059867706364418,0.6109742875638409,-0.2018061132573997,-0.6840129120879213,1.7986220528398273,72.44354888989801,1.8581605428996213e-16,,
12,tvtp_exflow,2017-01-28,2021-01-27,2021-04-27,2743.967490350373,-5471.934980700746,-5429.645446983127,8,True,0.003254623542591397,0.020037516260861,0.0012733388767903965,0.0625859023069291,2.0860770977748566,1.6915783176984922,-0.4440312151863954,-0.13950718703098727,3.9409607143852554,0.13938988319787987,,
12,tvtp_both,2017-01-28,2021-01-27,2021-04-27,2780.4665370607263,-5540.933074121453,-5488.071156974429,10,True,0.0032506005655344792,0.01634163730841926,0.0015272803839342633,0.06020454712001664,0.5135117961028132,-0.14077645856975785,-0.7290407933117613,1.7004760328816027,76.93905413509219,7.747446675752601e-16,-0.3883177005259586,0.006862960498585322
13,baseline,2017-04-29,2021-04-28,2021-07-27,2705.661201124525,-5399.32240224905,-5367.605251960836,6,True,0.0026811109990107387,0.020121013940665077,0.002356658536232424,0.061844561964830576,1.8411109356875015,1.5091803734708338,,,,,,
13,tvtp_logrv,2017-04-29,2021-04-28,2021-07-27,2742.7466441496817,-5469.4932882993635,-5427.203754581745,8,True,0.0024268096159342466,0.01656201599978711,0.002660957844422411,0.05983407488877757,0.36761438564705123,-0.14330849490313327,-0.7750640622959334,1.6251812111696555,74.17088605031313,7.834237534386883e-17,,
13,tvtp_exflow,2017-04-29,2021-04-28,2021-07-27,2707.513872421059,-5399.027744842118,-5356.7382111245,8,True,0.002560927260349786,0.020760723098161165,0.002512704047798732,0.06258125933277744,1.9635590759416393,1.588262533408425,-0.4856206692360246,-0.15679895741865443,3.7053425930680532,0.15681769972549203,,
13,tvtp_both,2017-04-29,2021-04-28,2021-07-27,2744.1486049449727,-5468.297209889945,-5415.435292742922,10,True,0.002428653759251317,0.016427785674458233,0.0026570273462564065,0.05963051094824046,0.3228526904618847,-0.09290181562399791,-0.7915176133343671,1.5727192880753766,76.97480764089505,7.613624943034062e-16,-0.30519839218702866,-0.0036124202276205768
14,baseline,2017-07-29,2021-07-28,2021-10-26,2714.399325084247,-5416.798650168494,-5385.081499880279,6,True,0.0021672579534164206,0.018991321386708233,0.0013630275337118102,0.06026548463868837,1.6178962663681777,1.3833863561214024,,,,,,
14,tvtp_logrv,2017-07-29,2021-07-28,2021-10-26,2754.366207680843,-5492.732415361686,-5450.442881644068,8,True,0.0019170917947745638,0.015555638244944122,0.0016981557771158773,0.05855561480156122,0.1319509504784807,-0.058871664308201656,-0.9112660273575355,1.301864249198915,79.93376519319281,4.39140436700054e-18,,
14,tvtp_exflow,2017-07-29,2021-07-28,2021-10-26,2715.656688148407,-5415.313376296814,-5373.023842579195,8,True,0.002156901201503276,0.01959308685584567,0.001363575104817292,0.06070873002748342,1.7234168571368638,1.4554800809581772,-0.41328207714736426,-0.05836816259501086,2.514726128320035,0.28440299102010685,,
14,tvtp_both,2017-07-29,2021-07-28,2021-10-26,2755.326984732578,-5490.653969465156,-5437.792052318132,10,True,0.0019561346886553324,0.015257456075347694,0.0016634735078972583,0.05820383638959981,0.05613993621234191,-8.178652066712007e-05,-0.9401303067242872,1.2238088909813336,81.85531929666195,7.044397897732969e-17,-0.22322975703756284,0.05799988298239285
15,baseline,2017-10-28,2021-10-27,2022-01-25,2729.3424136751128,-5446.6848273502255,-5414.967677062011,6,True,0.002117125833711929,0.01938925054354095,0.0009162884134347619,0.06093907970753561,1.5334390511269624,1.1460912433677297,,,,,,
15,tvtp_logrv,2017-10-28,2021-10-27,2022-01-25,2769.001081454867,-5522.002162909734,-5479.712629192115,8,True,0.0018420787598064199,0.015642765996193072,0.0013711268761502787,0.05791689489217864,0.16419358561630815,-0.065205782431917,-0.8833006516366514,1.3007962021203043,79.31733555950814,5.976672016920231e-18,,
15,tvtp_exflow,2017-10-28,2021-10-27,2022-01-25,2730.958273845767,-5445.916547691534,-5403.627013973915,8,True,0.0021440960275674196,0.01962967756967997,0.0008562541576424031,0.061308031994013676,1.5253041328806018,1.0998297048877463,-0.3759168511200949,0.06454820832754832,3.2317203413085736,0.19871966408056527,,
15,tvtp_both,2017-10-28,2021-10-27,2022-01-25,2770.6236716550216,-5521.247343310043,-5468.3854261630195,10,True,0.0019083152802171403,0.015309064288354797,0.0013138339653101115,0.05756614641844523,0.07152616470987945,-0.02277760913236367,-0.9220175823685702,1.203878213089535,82.56251595981757,4.987987466554554e-17,-0.19277907183449391,0.17062033034074792
16,baseline,2018-01-27,2022-01-26,2022-04-26,2802.462190819408,-5592.924381638816,-5561.207231350601,6,True,0.0019020757149138595,0.018021663633542736,-0.0006812838285239015,0.058304673970115115,1.133781424325924,0.6529268307947893,,,,,,
16,tvtp_logrv,2018-01-27,2022-01-26,2022-04-26,2839.5215075955175,-5663.043015191035,-5620.753481473416,8,True,0.001580258114508223,0.015482925517247198,1.57112877081364e-06,0.05569000690528978,0.16209506925693407,-0.25599598170988197,-0.825369468022306,1.2476658063114616,74.11863355221885,8.041613963624975e-17,,
16,tvtp_exflow,2018-01-27,2022-01-26,2022-04-26,2804.2174336667786,-5592.434867333557,-5550.145333615938,8,True,0.0019135436928343192,0.018306956197072722,-0.0007495785717379679,0.058688969571877345,1.1371393909065166,0.6099303910930827,-0.31277756556299013,0.09987380469830547,3.5104856947409644,0.17286525732076474,,
16,tvtp_both,2018-01-27,2022-01-26,2022-04-26,2841.45860827418,-5662.91721654836,-5610.055299401336,10,True,0.0015979943644360852,0.015180778339549091,1.2174909272441146e-05,0.05530402805494869,0.06555150102870663,-0.206500026459265,-0.8719997838474804,1.1668142403566206,77.99283490954349,4.635452957053555e-16,-0.27237416207180193,0.12609243938064646
17,baseline,2018-04-28,2022-04-27,2022-07-26,2868.4720877953805,-5724.944175590761,-5693.227025302546,6,True,0.0018849670628714335,0.01803473318017507,-0.0005157354139817567,0.05834282713438669,1.0477397109375062,0.2571614648928135,,,,,,
17,tvtp_logrv,2018-04-28,2022-04-27,2022-07-26,2895.5389299012477,-5775.077859802495,-5732.788326084877,8,True,0.0016201915620704145,0.01608144278851341,0.00015525096216445172,0.05552941796337293,0.3537456243299329,-0.49618544454525687,-0.6415864586393318,1.14082790174989,54.13368421173436,1.7580038865878482e-12,,
17,tvtp_exflow,2018-04-28,2022-04-27,2022-07-26,2871.0937133497287,-5726.187426699457,-5683.897892981839,8,True,0.001918535438442346,0.018159916973532433,-0.0005952256070382185,0.05851785162521143,1.0280847020953447,0.1910286507004726,-0.24605867228272424,0.20597495217232156,5.243251108696313,0.07268461395323268,,
17,tvtp_both,2018-04-28,2022-04-27,2022-07-26,2897.7246753198638,-5775.4493506397275,-5722.587433492704,10,True,0.0016539701720894714,0.01576313570856551,0.000136595256724369,0.05504047190339645,0.27157627129395495,-0.4206587772419002,-0.6854046046944526,1.0394088821895617,58.50517504896652,5.977577049952002e-12,-0.2599955597231734,0.1510966024598501
18,baseline,2018-07-28,2022-07-27,2022-10-25,2847.525877880597,-5683.051755761194,-5651.334605472979,6,True,0.0017637226603160476,0.018696110604981872,-0.0012892948473641269,0.05948340745231292,1.0842486191944063,0.23658495956377568,,,,,,
18,tvtp_logrv,2018-07-28,2022-07-27,2022-10-25,2876.0152051946066,-5736.030410389213,-5693.740876671594,8,True,0.0015846580334704001,0.01665305832662714,-0.0006211115471113531,0.05654839458638973,0.36203873916677676,-0.5487625785934174,-0.6907490128848357,1.1205142479163575,56.978654628019285,4.2387944242624424e-13,,
18,tvtp_exflow,2018-07-28,2022-07-27,2022-10-25,2849.4820138098994,-5682.964027619799,-5640.67449390218,8,True,0.0017868041675020527,0.018993392828623737,-0.001386002747945612,0.05979362144784773,1.1241529766483942,0.2290077077624317,-0.24219322916252603,0.18393124132128888,3.9122718586049814,0.14140376075511912,,
18,tvtp_both,2018-07-28,2022-07-27,2022-10-25,2877.5711888767246,-5735.142377753449,-5682.280460606426,10,True,0.0016046180750597966,0.016403913063616552,-0.0005974445494568958,0.056078161215157546,0.30174481725696145,-0.48439004492183646,-0.7157590804556739,1.0799160823394844,60.090621992255365,2.7764077119496423e-12,-0.2634281275204776,0.1013501937902286
19,baseline,2018-10-27,2022-10-26,2023-01-24,2844.0294275743554,-5676.058855148711,-5644.341704860496,6,True,0.0015405590896901866,0.019118393317784223,-0.00063487255719107,0.06076142259679965,1.111134501847705,0.146144675080722,,,,,,
19,tvtp_logrv,2018-10-27,2022-10-26,2023-01-24,2872.6043077621125,-5729.208615524225,-5686.919081806606,8,True,0.0014293805833830754,0.017729553305373697,-0.00023957109915990604,0.05862332368861705,0.4871917612291393,-0.8849133547210556,-0.7001818394614712,1.285371235915966,57.149760375514234,3.891232794455114e-13,,
19,tvtp_exflow,2018-10-27,2022-10-26,2023-01-24,2845.341218100135,-5674.68243620027,-5632.392902482651,8,True,0.0015380974256010637,0.01927937304075766,-0.0006500671151242193,0.060911965277344514,1.1247309370545147,0.1344114131171994,-0.2144488343795102,0.12595100171890888,2.6235810515590856,0.2693373688790608,,
19,tvtp_both,2018-10-27,2022-10-26,2023-01-24,2873.6155850934383,-5727.231170186877,-5674.369253039853,10,True,0.0014110324430580323,0.017589729674888283,-0.00018678624358066308,0.05829894648991019,0.44757281688047146,-0.833698497717442,-0.7105790317289867,1.2711343655931338,59.172315038165834,4.329322809708676e-12,-0.24629424267667835,-0.022115876292650802
20,baseline,2019-01-26,2023-01-25,2023-04-25,2887.557312762454,-5763.114625524908,-5731.397475236693,6,True,0.0015345649011126344,0.019564197209843332,0.0006650400111697839,0.06224888695240739,1.3391641149150229,0.14634156430801828,,,,,,
20,tvtp_logrv,2019-01-26,2023-01-25,2023-04-25,2908.9994058647253,-5801.998811729451,-5759.709278011832,8,True,0.001559228166652348,0.01836949111304119,0.0007049867141900988,0.060110088809037815,0.777538394891237,-0.7939484186467102,-0.6370629656822251,0.9711535111409173,42.88418620454286,4.873234220563438e-10,,
20,tvtp_exflow,2019-01-26,2023-01-25,2023-04-25,2888.347088840849,-5760.694177681698,-5718.40464396408,8,True,0.0014954084631933382,0.019688851788672985,0.0007517379286020885,0.06241174698327644,1.3642504264917512,0.16624965516590354,-0.2467074049259944,-0.020977683328108513,1.579552156790669,0.45394643231612386,,
20,tvtp_both,2019-01-26,2023-01-25,2023-04-25,2909.9883286393156,-5799.976657278631,-5747.1147401316075,10,True,0.0015055190303958634,0.018309108289536746,0.0008148965054518773,0.05986207121233719,0.7607058463259971,-0.7835574189173113,-0.6226561078018789,1.0255511338948713,44.862031753723386,4.247415029843991e-09,-0.2685583781963347,-0.11100584745575025
21,baseline,2019-04-27,2023-04-26,2023-07-25,2870.32791435367,-5728.65582870734,-5696.938678419126,6,True,0.0012571788819169655,0.020897312989890032,0.0009419607372432086,0.06341644785890142,1.4766636612346606,0.15334294053768685,,,,,,
21,tvtp_logrv,2019-04-27,2023-04-26,2023-07-25,2890.3460436307655,-5764.692087261531,-5722.402553543912,8,True,0.0013126696694254014,0.020021383191505485,0.0008427042449406169,0.061846640060067,0.9578170045733582,-1.027263793058879,-0.5950386891186596,1.1302891094797336,40.03625855419068,2.0241230799960344e-09,,
21,tvtp_exflow,2019-04-27,2023-04-26,2023-07-25,2870.628679494078,-5725.257358988156,-5682.967825270537,8,True,0.001240399461766101,0.02096501393133758,0.0009814452269570025,0.063522878129821,1.4890015239103418,0.16744888382679649,-0.1382880431111931,-0.023641230322834373,0.6015302808154956,0.7402516075232333,,
21,tvtp_both,2019-04-27,2023-04-26,2023-07-25,2890.740879028914,-5761.481758057828,-5708.619840910805,10,True,0.001285685646090341,0.02003986717305749,0.0009021062305237014,0.06186620519493045,0.9600584427773271,-1.0234301412940745,-0.581652379717771,1.160180681756637,40.82592935048797,2.9203767538367825e-08,-0.13029260963320413,-0.11273592393045785
22,baseline,2019-07-27,2023-07-26,2023-10-24,2954.8266412404582,-5897.6532824809165,-5865.936132192702,6,True,0.000688373514550327,0.019489264193404552,0.0008897892389387066,0.06061516322335658,1.37878918593294,-0.015037338247550538,,,,,,
22,tvtp_logrv,2019-07-27,2023-07-26,2023-10-24,2974.5461251513007,-5933.092250302601,-5890.802716584983,8,True,0.0006177091800672974,0.0186693478928296,0.0010310132990851207,0.05899968487182043,0.9018433684199056,-0.9555649300889024,-0.6769690848927031,0.8631624953247004,39.438967821684855,2.7285816337388296e-09,,
22,tvtp_exflow,2019-07-27,2023-07-26,2023-10-24,2954.8563538906164,-5893.712707781233,-5851.423174063614,8,True,0.0006850490649471103,0.01950822997169632,0.0008985989090767783,0.06065697277187157,1.3812770813641584,-0.011509253578446128,-0.04098503565018806,-0.0181092721387281,0.059425300316434004,0.9707244309876808,,
22,tvtp_both,2019-07-27,2023-07-26,2023-10-24,2974.94097308255,-5929.8819461651,-5877.0200290180765,10,True,0.0005930720827822075,0.018619791988730414,0.0010822406071621226,0.05884255912451171,0.8846699589604214,-0.9631870605113579,-0.6737190663438786,0.9104202819943259,40.22866368418363,3.881807695308451e-08,-0.09811508133689928,-0.14502369750740637
23,baseline,2019-10-26,2023-10-25,2024-01-23,2998.7128992223325,-5985.425798444665,-5953.70864815645,6,True,0.0007604499179801837,0.017172800998916833,0.0012782648847750675,0.056619389553302125,1.2078960441180335,0.18516848383972265,,,,,,
23,tvtp_logrv,2019-10-26,2023-10-25,2024-01-23,3025.12174626684,-6034.24349253368,-5991.9539588160615,8,True,0.0006894383179126157,0.015218266295947316,0.0013082593370462615,0.05347406414783645,0.5034715850305085,-0.41035553216796505,-0.8113902896002811,0.708571265598719,52.817694089015276,3.3945597323924863e-12,,
23,tvtp_exflow,2019-10-26,2023-10-25,2024-01-23,2998.726795765482,-5981.453591530964,-5939.164057813346,8,True,0.0007620032684938472,0.01722713011396288,0.001280743355305805,0.05676324170224587,1.2173424926661705,0.17474470752793037,-0.02684573563578894,-0.0011947255598026428,0.02779308629942534,0.9861995680863082,,
23,tvtp_both,2019-10-26,2023-10-25,2024-01-23,3025.6728800328865,-6031.345760065773,-5978.483842918749,10,True,0.0006572327001530533,0.015331403100385452,0.0013606973336685257,0.05359247720927855,0.4961218230070856,-0.46933469021786484,-0.8211981603587686,0.7850192054762424,53.91996162110809,5.4697310302710016e-11,-0.1776889227324484,-0.12297533237074872
24,baseline,2020-01-25,2024-01-24,2024-04-23,3011.8335997870913,-6011.667199574183,-5979.950049285968,6,True,0.0013529774940363947,0.016738878770472757,0.0004989032644939288,0.05624462521878451,1.180205776126136,0.17909719840814087,,,,,,
24,tvtp_logrv,2020-01-25,2024-01-24,2024-04-23,3041.963911848503,-6067.927823697006,-6025.638289979387,8,True,0.0013938314687234454,0.015194703549591267,0.0005377513706914974,0.05377640754389646,0.5449120215630209,-0.48077782622523507,-0.8635109926832129,0.7700616941028726,60.260624122823174,8.214322200228318e-14,,
24,tvtp_exflow,2020-01-25,2024-01-24,2024-04-23,3011.837252947318,-6007.674505894636,-5965.3849721770175,8,True,0.001352306757325989,0.016730662708904838,0.0005011241731833419,0.05622227099639246,1.1790867228679345,0.1786822033612249,0.0025876519693165518,0.013707220362132308,0.00730632045360835,0.9963535044448426,,
24,tvtp_both,2020-01-25,2024-01-24,2024-04-23,3042.364527239606,-6064.729054479212,-6011.867137332189,10,True,0.0013769567672295153,0.015247746040501612,0.0005626427959495526,0.053808968698466776,0.5314379323386464,-0.5156558814962889,-0.8741093983498865,0.8228406358353173,61.06185490502958,1.7350956671751051e-12,-0.13619681237549222,-0.11871951207184281
25,baseline,2020-04-25,2024-04-24,2024-07-23,3083.7977143975236,-6155.595428795047,-6123.878278506832,6,True,0.0011746919042830615,0.012609657787004772,0.0017906069400544827,0.043728133010807795,0.8758611342394018,0.9698359689338878,,,,,,
25,tvtp_logrv,2020-04-25,2024-04-24,2024-07-23,3110.741836636244,-6205.483673272488,-6163.194139554869,8,True,0.0014052044053094357,0.012337182430223444,0.0015773634145097516,0.044151145884403956,0.1300216202552397,0.22640063479390365,-0.8185555647101855,0.6256922228421863,53.88824447744082,1.987542353404067e-12,,
25,tvtp_exflow,2020-04-25,2024-04-24,2024-07-23,3084.1034916315475,-6152.206983263095,-6109.917449545476,8,True,0.0011302895107080083,0.012432298915933854,0.0018227651798330383,0.0435166755133345,0.863478381683304,0.9881549240669394,0.07221461924594094,0.17559254927354442,0.6115544680478706,0.7365506796129764,,
25,tvtp_both,2020-04-25,2024-04-24,2024-07-23,3110.8117019794267,-6201.6234039588535,-6148.76148681183,10,True,0.0014012621185970084,0.012336084044023279,0.0015812170228653184,0.04413771953994634,0.11873955214019229,0.21738194172746858,-0.8194422827666913,0.6396521686933547,54.02797516380633,5.1921734342034724e-11,-0.07123358272916008,0.011795497543010864
26,baseline,2020-07-25,2024-07-24,2024-10-22,3084.676150681723,-6157.352301363446,-6125.635151075231,6,True,0.0009049938200236824,0.013741895596274886,0.0017743731403479551,0.044428351060568715,0.879468384422246,0.7712157169757052,,,,,,
26,tvtp_logrv,2020-07-25,2024-07-24,2024-10-22,3109.7507745691305,-6203.501549138261,-6161.212015420642,8,True,0.0011303529939683595,0.012990117758157102,0.0015213135549837391,0.044172752500777464,0.1311737437393839,0.09065077573597097,-0.7857008131311777,0.6476632980616068,50.149247774815194,1.2889296374340508e-11,,
26,tvtp_exflow,2020-07-25,2024-07-24,2024-10-22,3085.0207504167515,-6154.041500833503,-6111.751967115884,8,True,0.0008188615844598004,0.013416119200765759,0.0018405577332695237,0.044017175244533774,0.8521178945253437,0.8054781218455532,0.10935227931445289,0.19382379749071632,0.6891994700572468,0.7085038860075956,,
26,tvtp_both,2020-07-25,2024-07-24,2024-10-22,3109.788579386011,-6199.577158772022,-6146.715241624998,10,True,0.0011124442599336638,0.012938937453771572,0.0015378995710279208,0.04410120764218899,0.12282617979003024,0.0939990617500071,-0.7803230120745825,0.6574751837591165,50.2248574085761,3.240843457138409e-10,-0.012923468021137599,0.049453583673796875
27,baseline,2020-10-24,2024-10-23,2025-01-21,3075.671041820645,-6139.34208364129,-6107.624933353075,6,True,0.0004300249809962115,0.013765147780211066,0.0018591993154297684,0.0440910384111667,0.7810923200116094,0.7197169888404839,,,,,,
27,tvtp_logrv,2020-10-24,2024-10-23,2025-01-21,3101.5406430988132,-6187.0812861976265,-6144.791752480008,8,True,0.00038838941683974143,0.012516364217985286,0.0018111882456707236,0.043219746045778176,-0.06659810273166629,0.11294810609654457,-0.7799993019304114,0.7320373015291322,51.73920255633675,5.820695974028013e-12,,
27,tvtp_exflow,2020-10-24,2024-10-23,2025-01-21,3076.5098355062305,-6137.019671012461,-6094.730137294842,8,True,0.00023372239499597417,0.012958533532387264,0.0019597597378142187,0.04317123917524363,0.7025143990634779,0.8127745956997462,0.13429065716288682,0.2910681347745207,1.6775873711712848,0.43223161629404827,,
27,tvtp_both,2020-10-24,2024-10-23,2025-01-21,3102.2727882709364,-6184.545576541873,-6131.683659394849,10,True,0.00023421978299091484,0.011967485866001314,0.0018844019081206494,0.04255174812676832,-0.09979071808395466,0.2428077260974777,-0.7381737529114101,0.7692224126033764,53.203492900583115,7.725825056789402e-11,0.10499899388488103,0.31735883465473474
28,baseline,2021-01-23,2025-01-22,2025-04-22,3116.034485500745,-6220.06897100149,-6188.351820713276,6,True,0.0006149497350192207,0.015039858421125008,0.0010481490849862237,0.0447559745812414,0.7934852039529607,0.324935515270491,,,,,,
28,tvtp_logrv,2021-01-23,2025-01-22,2025-04-22,3137.8461901075416,-6259.692380215083,-6217.402846497464,8,True,0.0004414606816960411,0.013136256746076635,0.001172899722554052,0.04274481137520401,-0.0058587329077229655,-0.040634543869290406,-0.7723679845488542,0.5590181049718451,43.62340921359282,3.3674181500065377e-10,,
28,tvtp_exflow,2021-01-23,2025-01-22,2025-04-22,3116.6498552064213,-6217.299710412843,-6175.010176695224,8,True,0.00043665008491349633,0.014259657612582705,0.001227023199138349,0.0436192430051187,0.7290405000788229,0.46675534924223877,0.09691612852704809,0.2554513336641609,1.2307394113522605,0.5404410542450366,,
28,tvtp_both,2021-01-23,2025-01-22,2025-04-22,3138.3147271022517,-6256.629454204503,-6203.76753705748,10,True,0.00024212717835619512,0.012400124115318227,0.0013160152431023477,0.041840817082244734,-0.0825389770497285,0.1182687203694391,-0.7422103918380227,0.593679999302445,44.560483203013064,4.9068355162554236e-09,0.014887813960461613,0.24474601219041484
29,baseline,2021-04-24,2025-04-23,2025-07-22,3153.8523696769116,-6295.704739353823,-6263.9875890656085,6,True,0.00040621460961819133,0.014063474336982205,0.0004267867651296782,0.042561085282648105,0.9024224853761204,0.6543848184295845,,,,,,
29,tvtp_logrv,2021-04-24,2025-04-23,2025-07-22,3171.0220149805027,-6326.044029961005,-6283.754496243387,8,True,0.0003101057504417177,0.012415904445800242,0.0005177540259341863,0.04115841964372004,0.12474365692138976,0.2626955531903942,-0.7003740196651672,0.39508900258503954,34.33929060718219,3.493958871143088e-08,,
29,tvtp_exflow,2021-04-24,2025-04-23,2025-07-22,3155.6400855204615,-6295.280171040923,-6252.990637323304,8,True,0.00011493089961164004,0.012948575920221502,0.0007111310491076993,0.04111266062528073,0.8262894844560195,0.8698674678922523,0.008296063675028345,0.39831919109004654,3.575431687099808,0.1673419686938507,,
29,tvtp_both,2021-04-24,2025-04-23,2025-07-22,3173.016819395046,-6326.033638790092,-6273.171721643068,10,True,2.8717155449599044e-05,0.011414037006145693,0.0007318822390191964,0.039927952538327746,0.0530596729251886,0.48326913825194046,-0.6273959878929524,0.5272627554025354,38.32889943626833,9.584547486673629e-08,-0.02198629302585701,0.4208775561891745
30,baseline,2021-07-24,2025-07-23,2025-10-21,3259.835223980088,-6507.670447960176,-6475.953297671961,6,True,0.0002568474427554654,0.012528953462594587,0.001566815285398823,0.03930411031228181,0.8311882785936024,0.668033170511884,,,,,,
30,tvtp_logrv,2021-07-24,2025-07-23,2025-10-21,3272.009695279906,-6528.019390559812,-6485.729856842193,8,True,0.00025902619698041726,0.011554745064933222,0.0014803877704281118,0.038455790363789925,0.27652148766662954,0.3503069395905466,-0.5423575926022607,0.37398491811362705,24.348942599635848,5.160529849050484e-06,,
30,tvtp_exflow,2021-07-24,2025-07-23,2025-10-21,3261.893955131544,-6507.787910263088,-6465.498376545469,8,True,2.4804518230665437e-05,0.011926967509547092,0.001728847370633043,0.038527569119767895,0.790923309929047,0.8023722127074421,0.04441132950597918,0.4239606706560301,4.1174623029119175,0.1276157923213183,,
30,tvtp_both,2021-07-24,2025-07-23,2025-10-21,3274.6692626314452,-6529.3385252628905,-6476.476608115867,10,True,3.462147784979642e-05,0.01105132151439287,0.001622322894807985,0.03775627257113663,0.25363830642788543,0.4721483854649623,-0.4709830054145378,0.5211621121797253,29.668077302714664,5.718084515458754e-06,0.010308584224616422,0.4715578795397947
31,baseline,2021-10-23,2025-10-22,2026-01-20,3328.836280443959,-6645.672560887918,-6613.955410599703,6,True,0.0004233533618369795,0.01326493417466114,0.0003608753139567689,0.040056002151087934,1.0635968035070962,0.491420727962627,,,,,,
31,tvtp_logrv,2021-10-23,2025-10-22,2026-01-20,3340.8735081644127,-6665.747016328825,-6623.457482611207,8,True,0.00039681612423022244,0.012193344522298566,0.00039995798198982446,0.038862630845915375,0.49467741257391035,0.108484486338685,-0.5572903681506272,0.3777452506148559,24.074455440907514,5.919682629105871e-06,,
31,tvtp_exflow,2021-10-23,2025-10-22,2026-01-20,3329.6479612747116,-6643.295922549423,-6601.0063888318045,8,True,0.0002391662460421563,0.012827939809142161,0.0006108464739700558,0.03921834183342021,1.0622129831553238,0.6506682636414501,-0.006803376962407539,0.3110322457425596,1.6233616615054416,0.44411096315743426,,
31,tvtp_both,2021-10-23,2025-10-22,2026-01-20,3341.5360226709695,-6663.072045341939,-6610.210128194915,10,True,0.00023189036006256592,0.011890292930335722,0.0005915322135718362,0.038234988805416106,0.5197953435797036,0.21355075062563708,-0.45229680546158213,0.5467823115217758,25.39948445402115,4.181040985271258e-05,-0.03113474335887603,0.33351389437091306
32,baseline,2022-01-22,2026-01-21,2026-04-21,3365.167518759398,-6718.335037518796,-6686.617887230581,6,True,0.00042490894898400313,0.013875553466514916,0.0009247204447929427,0.04049954597886908,1.2589026294846213,0.44089154913343365,,,,,,
32,tvtp_logrv,2022-01-22,2026-01-21,2026-04-21,3375.143674810428,-6734.287349620856,-6691.997815903237,8,True,0.0004158881755649882,0.012818582183910385,0.0008834496849691332,0.039074562451773334,0.7343873664774536,0.045360234693741605,-0.4772219660607833,0.41162884687778006,19.952312102060205,4.649545225925106e-05,,
32,tvtp_exflow,2022-01-22,2026-01-21,2026-04-21,3366.1458563962683,-6716.291712792537,-6674.002179074918,8,True,0.0002481027229802508,0.013387070195217792,0.0011635563497201294,0.039397329436089756,1.2534730247467705,0.6396597615589406,0.002815292187739741,0.37389116022379193,1.9566752737409843,0.3759355210486475,,
32,tvtp_both,2022-01-22,2026-01-21,2026-04-21,3376.3125128814745,-6732.625025762949,-6679.763108615925,10,True,0.0002317809894182898,0.012444249990207637,0.0010990292018765416,0.03817392039343253,0.7669197821687703,0.1858819543745755,-0.33385417558885516,0.6604351288453305,22.289988244153392,0.00017546393344715063,-0.016468149961101256,0.46454586795848873
33,baseline,2022-04-23,2026-04-22,2026-05-23,3374.661974218233,-6737.323948436466,-6705.606798148251,6,True,0.00029829046869016035,0.013929308975779271,0.0007072652220928683,0.04026316377276579,1.3025705922605095,0.47848321467530097,,,,,,
33,tvtp_logrv,2022-04-23,2026-04-22,2026-05-23,3383.8053844183955,-6751.610768836791,-6709.321235119172,8,True,0.0002931033642048642,0.012891338557562955,0.0006708358863598998,0.038829774482005815,0.7912679344525343,0.07366554304403879,-0.43163187478350845,0.4531755078096259,18.28682040032527,0.00010692208138174466,,
33,tvtp_exflow,2022-04-23,2026-04-22,2026-05-23,3375.3349305446754,-6734.669861089351,-6692.380327371732,8,True,0.00017210725727783327,0.013615377618832535,0.0008945445381210474,0.03953129708998916,1.2887955548967318,0.5912299257473297,-0.009310487539749642,0.2888324718892384,1.3459126528850902,0.510198034117413,,
33,tvtp_both,2022-04-23,2026-04-22,2026-05-23,3384.6533105622416,-6749.306621124483,-6696.4447039774595,10,True,0.0001495465009313332,0.012574605107534246,0.0008475962253302147,0.038098030104726135,0.7883464815473177,0.16440379058167082,-0.3410578563819001,0.6196676345510839,19.982672688017374,0.0005033478950775347,-0.026542227786394146,0.37547808017344314
