window,spec,train_start,test_start,test_end,loglik,aic,bic,n_params,converged,mu0,sigma0,nu0,mu1,sigma1,nu1,beta1_0,beta2_0,beta1_1,beta2_1,lr_stat,lr_p,beta1_2,beta2_2
0,baseline,2014-02-01,2018-01-31,2018-05-01,3041.1667645089965,-6066.333529017993,-6024.043995300374,8,True,0.0012564406187535132,0.024479810330188465,2.5659673099895732,0.0032576043374521204,0.054951921878193956,3.9099194261401538,3.6232276187431203,3.5301196945345192,,,,,,
0,tvtp_logrv,2014-02-01,2018-01-31,2018-05-01,3044.8005817617413,-6069.601163523483,-6016.739246376459,10,True,0.0011320298138430276,0.019183273514112267,2.9432608504014484,0.0034208652031960662,0.054154411878483855,4.228478714268801,1.5491563273830138,1.3231680429172443,-0.9554885886144969,1.3840870782647199,7.267634505489696,0.02641515837480375,,
0,tvtp_exflow,2014-02-01,2018-01-31,2018-05-01,3043.5239075299496,-6067.047815059899,-6014.185897912876,10,True,0.0013291908051465521,0.02715492918919895,2.452754475714108,0.0030685764221090104,0.055044621663160834,4.055632770645168,4.016940072838098,3.502285623140144,-1.1100530586570911,0.2586807537894489,4.7142860419062345,0.09469036550728807,,
0,tvtp_both,2014-02-01,2018-01-31,2018-05-01,3048.269953460448,-6072.539906920896,-6009.105606344468,12,True,0.001272881603084431,0.023338556331446693,2.594232612787997,0.0030979227996726787,0.054593449397345735,4.32686372375885,1.9584361099004153,1.2176156230636712,-1.2811812898478672,1.4762701040121586,14.206377902903114,0.006664693789006421,-1.2813631334426012,0.13620732938364477
1,baseline,2014-05-03,2018-05-02,2018-07-31,3024.8820853906464,-6033.764170781293,-5991.474637063674,8,True,0.0014418479275037698,0.027411556489790444,2.43524400376044,0.003692266760694835,0.05384206786579112,4.881973395386778,3.8877384764125367,3.774064058486805,,,,,,
1,tvtp_logrv,2014-05-03,2018-05-02,2018-07-31,3027.062119728471,-6034.124239456942,-5981.262322309918,10,True,0.0013691786730665285,0.021809866501571608,2.6931813421939736,0.0038593596359601853,0.05323967196021361,4.87337459725277,2.2627158603705055,1.913114711409042,-0.6605989574944904,1.5508970816988912,4.360068675649018,0.11303764910685059,,
1,tvtp_exflow,2014-05-03,2018-05-02,2018-07-31,3026.786621012884,-6033.573242025768,-5980.711324878745,10,True,0.0015345742760038156,0.02776213790591733,2.430615338666084,0.0034432462663181343,0.05403456203264513,4.991977195034158,4.0957775804297745,3.742104726602868,-0.8223819781560158,0.32544954924003305,3.80907124447549,0.14889176859693465,,
1,tvtp_both,2014-05-03,2018-05-02,2018-07-31,3029.734187561682,-6035.468375123364,-5972.034074546936,12,True,0.001458319890234478,0.02402658311203753,2.552449032434858,0.0036408815859892783,0.05345071214830776,5.062697956977011,2.3449834851441436,1.6393452736356504,-0.9815315056765034,1.6355660150836084,9.704204342071534,0.04571626076855006,-1.04779200670499,0.17650487710057602
2,baseline,2014-08-02,2018-08-01,2018-10-30,2991.2785704087646,-5966.557140817529,-5924.2676070999105,8,True,0.0017073713803916683,0.025608554461893706,2.481119550349604,0.0030486724790179027,0.05254476411695892,4.601766384049531,3.6411120303800275,3.735694628099352,,,,,,
2,tvtp_logrv,2014-08-02,2018-08-01,2018-10-30,2996.209252839561,-5972.418505679122,-5919.556588532098,10,True,0.0017783286025366864,0.017149103042597955,3.323159564029373,0.002935195203453802,0.05319381477282338,5.755186881330767,0.7461256327982977,0.6788380496582008,-1.3551808074837988,1.5027471729653807,9.861364861592847,0.007221573375337969,,
2,tvtp_exflow,2014-08-02,2018-08-01,2018-10-30,2994.101646524736,-5968.203293049472,-5915.341375902449,10,True,0.0019343638027744133,0.028033683244091022,2.3946715745474996,0.002560971628750078,0.05252526485634069,4.64224638230298,4.329170053333347,3.6692593351512905,-1.6228849633497753,0.2913944542057155,5.646152231943233,0.059422869637928526,,
2,tvtp_both,2014-08-02,2018-08-01,2018-10-30,2998.9103444735283,-5973.820688947057,-5910.386388370628,12,True,0.0018650581635344923,0.020796833573828548,2.8238056079859373,0.002701508595226677,0.05399260833295588,5.863923452404386,1.2927044647420183,0.8342624598669339,-1.472090490491165,1.424242203558997,15.263548129527408,0.00418468431117326,-0.9513087978501954,0.08869247629449452
3,baseline,2014-11-01,2018-10-31,2019-01-29,3025.648760749282,-6035.297521498564,-5993.007987780945,8,True,0.0018595732047298425,0.029292141505742424,2.3430113515385047,0.0035858215955742985,0.05330293805448861,4.454723699279203,3.8919797101744797,3.771354487058321,,,,,,
3,tvtp_logrv,2014-11-01,2018-10-31,2019-01-29,3031.5477428623462,-6043.0954857246925,-5990.233568577669,10,True,0.0019801710263328063,0.018665501310594367,2.969516639830393,0.0032260842404863467,0.053673126523144446,5.594384680460708,1.0985287884039712,0.7655406058776947,-1.3092024145780192,1.5121992783651867,11.797964226128897,0.00274223468350261,,
3,tvtp_exflow,2014-11-01,2018-10-31,2019-01-29,3029.599339248767,-6039.198678497534,-5986.336761350511,10,True,0.0021233048074346473,0.031218328597192358,2.3033730085696593,0.0028702155672158352,0.053340200644005374,4.568804110163688,4.723839981932374,3.7537149614914,-1.6527612063656252,0.3292126482003815,7.901156998970691,0.019243566161603352,,
3,tvtp_both,2014-11-01,2018-10-31,2019-01-29,3033.971055203575,-6043.94211040715,-5980.507809830721,12,True,0.0020467317334459194,0.025761067400122524,2.438829307716199,0.0030459420847894453,0.053549438275721964,5.086139715775635,2.216883903241158,1.6564643556983898,-1.287100147030237,1.2826186564698807,16.64458890858623,0.002265667934249207,-0.8851121620952287,0.2122287746843463
4,baseline,2015-01-31,2019-01-30,2019-04-30,3046.840313730776,-6077.680627461552,-6035.391093743933,8,True,0.0016939951955140863,0.038033868471874656,2.1797739383338945,0.0032729102251159077,0.0523065282253417,5.623779896884043,3.9664756882329004,3.722098431333016,,,,,,
4,tvtp_logrv,2015-01-31,2019-01-30,2019-04-30,3056.7132708566933,-6093.4265417133865,-6040.564624566363,10,True,0.0018526703227347528,0.01817607670899098,2.93571287314177,0.0026755924818655974,0.053224911764328246,7.813194019597721,0.8870750859122437,0.3404813371941648,-1.4522896395317018,1.6410575176344906,19.74591425183462,5.155006297269343e-05,,
4,tvtp_exflow,2015-01-31,2019-01-30,2019-04-30,3050.7412941439216,-6081.482588287843,-6028.6206711408195,10,True,0.0018578088503508308,0.04951196842642911,2.106708778291463,0.002780309074028793,0.05260382989852836,6.182083085837717,4.334324456337136,3.8229023815603465,-0.915550356945408,0.5398820320661689,7.801960826291179,0.02022207573491577,,
4,tvtp_both,2015-01-31,2019-01-30,2019-04-30,3059.3459380295008,-6094.6918760590015,-6031.257575482573,12,True,0.0019431052746841301,0.018304103528745164,2.9578008103464057,0.002345159378538339,0.05381349215430039,8.48327053499429,0.8701910697880085,0.21978214224222675,-1.532019936695814,1.579824038653696,25.011248597449594,5.004849686507469e-05,-0.3339822330359339,0.2507197099015512
5,baseline,2015-05-02,2019-05-01,2019-07-30,3101.3782569396126,-6186.756513879225,-6144.466980161606,8,True,0.0017155967247863475,0.043599307432757486,2.1085362564306735,0.003538009333856623,0.052056725395082395,4.994883348719681,3.977526234594159,3.848675901446453,,,,,,
5,tvtp_logrv,2015-05-02,2019-05-01,2019-07-30,3107.7024289535534,-6195.404857907107,-6142.542940760083,10,True,0.0018160415798136357,0.023305274228334182,2.4067166757893927,0.0032101653126938843,0.052783169510208984,6.378694332590862,1.6151006672813688,0.9971909999131531,-1.245001159489209,1.616276249682359,12.648344027881649,0.001792449759706873,,
5,tvtp_exflow,2015-05-02,2019-05-01,2019-07-30,3104.706499103123,-6189.412998206246,-6136.551081059222,10,True,0.00304934050985201,0.05218031228857675,5.552954815065776,0.0018705931741096918,0.06485162043826925,2.0500002123523626,3.914836014246203,4.270485117447725,0.5084686181952118,-0.8312930404971787,6.656484327020735,0.03585607882639029,,
5,tvtp_both,2015-05-02,2019-05-01,2019-07-30,3109.6837061039005,-6195.367412207801,-6131.933111631372,12,True,0.001853566228168309,0.035607854146493464,2.1588626180630945,0.003042274655928732,0.05219274880442735,5.811423957705404,2.3074847135700285,1.7063688151102505,-1.0826729902528607,1.6459898409197034,16.610898328575786,0.002299993449543289,-0.3347516845254107,0.42483395773593036
6,baseline,2015-08-01,2019-07-31,2019-10-29,3009.0267428355282,-6002.0534856710565,-5959.763951953438,8,True,0.0037347210489985278,0.05286685337159107,5.259725363465036,0.0020598576501446773,0.06349271386589919,2.050000289462501,3.935048718279815,3.890804866489942,,,,,,
6,tvtp_logrv,2015-08-01,2019-07-31,2019-10-29,3014.1219718219945,-6008.243943643989,-5955.382026496965,10,True,0.0022153670001131523,0.02188055082989854,2.4532736969317708,0.0033140814389793632,0.05334584886614456,6.484687108826154,1.2047637329960357,1.0447861857706624,-1.3222588208523027,1.6489895908974554,10.190457972932563,0.00612590372518542,,
6,tvtp_exflow,2015-08-01,2019-07-31,2019-10-29,3012.8618768644246,-6005.723753728849,-5952.861836581826,10,True,0.0033142760665622033,0.0529611971735691,5.734198154704919,0.002232661291689625,0.06505823165328983,2.0500002890170452,4.0272038262468435,4.056267451030208,0.6395514416792647,-0.776156342941525,7.670268057792782,0.021598443460631903,,
6,tvtp_both,2015-08-01,2019-07-31,2019-10-29,3017.0505781050865,-6010.101156210173,-5946.6668556337445,12,True,0.003232164917089578,0.052626904954905095,5.6614816727661825,0.0022234514229177676,0.0613933410866755,2.0500003280902233,2.256457112619943,2.41654167955264,1.6521666393965746,-0.9964910629274879,16.047670539116552,0.0029558594343797448,0.6028218700456913,-0.3905110590923017
7,baseline,2015-10-31,2019-10-30,2020-01-28,2969.479750626875,-5922.95950125375,-5880.6699675361315,8,True,0.003500035242221151,0.052054312631072706,5.036284668039659,0.0018090280417668795,0.06261733871239897,2.050000283957134,4.0247193855372805,3.8504686357611355,,,,,,
7,tvtp_logrv,2015-10-31,2019-10-30,2020-01-28,2972.7268320764724,-5925.453664152945,-5872.591747005921,10,True,0.003366464089192264,0.05172234966360566,5.147407511446081,0.0018461436433523924,0.05972508843827853,2.0497756719486837,2.5587826387614725,2.470025674602599,1.6857091205054142,-0.6499859589488144,6.4941628991946345,0.038887537610494086,,
7,tvtp_exflow,2015-10-31,2019-10-30,2020-01-28,2972.134083219479,-5924.268166438958,-5871.406249291935,10,True,0.0030582476378941442,0.05219729114468389,5.444505451509912,0.001983169380584799,0.06435065685975902,2.0500002839327767,4.090624539336293,3.9921609231823925,0.5833098806926655,-0.6844660272854087,5.308665185208156,0.07034577229026047,,
7,tvtp_both,2015-10-31,2019-10-30,2020-01-28,2975.3070257462687,-5926.614051492537,-5863.179750916109,12,True,0.0030088165500490637,0.05179155818936547,5.375032132648888,0.0019555048056977852,0.06036893202562591,2.0485981524264916,2.445599425542503,2.274264992891872,1.6185368943089666,-0.7858235287102895,11.654550238787124,0.020113792945843312,0.572180785321686,-0.32788223114363385
8,baseline,2016-01-30,2020-01-29,2020-04-28,2991.7395748510557,-5967.4791497021115,-5925.189615984493,8,True,0.003504734402789824,0.05129563403361829,5.058868261772066,0.001603906975156256,0.06330802067257311,2.050000262321707,3.9391259145142046,3.7539631587536744,,,,,,
8,tvtp_logrv,2016-01-30,2020-01-29,2020-04-28,2994.619813693428,-5969.239627386856,-5916.377710239833,10,True,0.003430784674083993,0.05102565626926388,5.11892024751854,0.001624412023592353,0.060107577327315274,2.0500002255784553,2.6176198941340068,2.624832839235549,1.456902111507807,-0.46449414791264776,5.760477684744728,0.05612135707520168,,
8,tvtp_exflow,2016-01-30,2020-01-29,2020-04-28,2994.0699816114834,-5968.139963222967,-5915.278046075943,10,True,0.0032045150127612307,0.05124402995349275,5.265860691539127,0.0017358289905230197,0.06414888601689193,2.050000253739549,4.013059564489202,3.912711479113876,0.5305397429090942,-0.6832128092347183,4.660813520855299,0.0972561790777344,,
8,tvtp_both,2016-01-30,2020-01-29,2020-04-28,2997.0828869002385,-5970.165773800477,-5906.731473224048,12,True,0.0031144893622032485,0.05086478886882592,5.224445030682974,0.0017292627028918555,0.05853376214258658,2.0500002343472383,2.3943972754428478,2.2381501352111495,1.5611417884530163,-0.5856955361702713,10.686624098365428,0.030321112955507108,0.561005081736137,-0.2718019459240332
9,baseline,2016-04-30,2020-04-29,2020-07-28,2899.3969345540204,-5782.793869108041,-5740.504335390422,8,True,0.0032371804194459906,0.05247370464674245,4.345108445775233,0.0014249409532120577,0.06383838867335793,2.0500003124706856,3.8696090331028725,3.5111664498812027,,,,,,
9,tvtp_logrv,2016-04-30,2020-04-29,2020-07-28,2905.387056189218,-5790.774112378436,-5737.912195231413,10,True,0.0014408321617802734,0.038850013938530846,2.1022311191097085,0.003268323326769505,0.051918708508985605,5.818089773969133,0.5010319615855339,0.9943538911666675,-1.0810855236908352,1.6147811121183107,11.980243270395476,0.0025033595350505396,,
9,tvtp_exflow,2016-04-30,2020-04-29,2020-07-28,2901.1745807653215,-5782.349161530643,-5729.487244383619,10,True,0.002952902642491571,0.05211023307188237,4.898676759468314,0.00158928246976746,0.06704970838134783,2.0500001858560064,3.887940527714442,3.734604337142913,0.48780165382276425,-0.6710392639217985,3.5552924226021787,0.16903555335533973,,
9,tvtp_both,2016-04-30,2020-04-29,2020-07-28,2908.134459599933,-5792.268919199866,-5728.834618623438,12,True,0.0015550780147895037,0.026589788847307394,2.230258091301488,0.0031275796677548064,0.05240166758108335,5.61063830063019,0.20180493046176823,0.8205134650073511,-1.2371526051639925,1.6111180769967264,17.475050091825324,0.001562390806540207,-0.4636489433627652,0.22863438503113415
10,baseline,2016-07-30,2020-07-29,2020-10-27,2898.1121781250454,-5780.224356250091,-5737.934822532472,8,True,0.0033230653708891987,0.052287035029074294,4.141098442037685,0.0012608463773200235,0.0651593899119306,2.0500002864723785,4.00019591521934,3.6539301700455598,,,,,,
10,tvtp_logrv,2016-07-30,2020-07-29,2020-10-27,2900.840148858363,-5781.680297716726,-5728.818380569703,10,True,0.0031292882466754887,0.05149639882613397,5.399887073206214,0.0013443863021722758,0.06074910829165309,2.050000018682757,1.9776867449831534,1.5729898146831347,1.0141367227139235,-0.9619993022883448,5.455941466635522,0.06535177137458434,,
10,tvtp_exflow,2016-07-30,2020-07-29,2020-10-27,2900.0685438469773,-5780.1370876939545,-5727.275170546931,10,True,0.00307918716172174,0.051912242912913076,4.447930119236709,0.0014247243242229422,0.06738336467485459,2.050000309303309,4.09969497066461,3.856450211690322,0.557973341592204,-0.6466579599342221,3.912731443863777,0.1413712709462307,,
10,tvtp_both,2016-07-30,2020-07-29,2020-10-27,2902.9187043097018,-5781.8374086194035,-5718.403108042975,12,True,0.0014419421456426792,0.05062426525768786,2.0691863571781033,0.0029825325038285518,0.05184512133807087,5.8624539336577985,1.0265179998326128,1.4040575942865046,-1.0091019665500345,1.234038622328352,9.613052369312754,0.047475395319469066,-0.2933286776486387,0.3058501642316077
11,baseline,2016-10-29,2020-10-28,2021-01-26,2858.270016754883,-5700.540033509766,-5658.250499792147,8,True,0.0033265463510020626,0.05412845062160091,4.884304312832651,0.002196273960814739,0.058011877129583826,2.111425621084206,4.128211092981558,4.247256179454212,,,,,,
11,tvtp_logrv,2016-10-29,2020-10-28,2021-01-26,2861.4375601578968,-5702.8751203157935,-5650.01320316877,10,True,0.0032919772778114012,0.05305260144978383,6.37425260889333,0.0022417199531979564,0.08740926393151341,2.0500001902013887,3.2656286122775526,3.8357770072679807,1.0967463213160074,-1.0789985632714456,6.335086806027903,0.04210691066240792,,
11,tvtp_exflow,2016-10-29,2020-10-28,2021-01-26,2862.1726043100934,-5704.345208620187,-5651.483291473163,10,True,0.003670154040125201,0.0534685936728789,6.581151184752218,0.002130323961110091,0.08848025540661197,2.050000160493586,4.1854619469290055,4.851144874391774,0.49658564435732255,-0.8418657855957821,7.80517511042126,0.020189602088231253,,
11,tvtp_both,2016-10-29,2020-10-28,2021-01-26,2864.6590561610933,-5705.318112322187,-5641.883811745758,12,True,0.002687770525160845,0.053098517417183584,2.1296764370426007,0.00177750397114618,0.05484936133846936,9.028472328938168,1.7427487905717116,1.189860478290668,-1.1410434640037248,1.839421390785741,12.778078812420972,0.012412618965492724,-0.023839832131037724,1.6764198905675647
12,baseline,2017-01-28,2021-01-27,2021-04-27,2809.9652254591947,-5603.930450918389,-5561.640917200771,8,True,0.001877497853972991,0.04825933589363033,2.1816144590505693,0.004218604833598682,0.05338566897703132,5.1103475423937414,4.1848635528164175,4.259337977249174,,,,,,
12,tvtp_logrv,2017-01-28,2021-01-27,2021-04-27,2816.0191170683606,-5612.038234136721,-5559.176316989698,10,True,0.002490894276590434,0.03277118592407165,2.340393752277986,0.0029260380455810972,0.0538806899428535,10.812226934263661,0.7570579984392817,0.23347658304016494,-0.9611324992192267,2.042395493274141,12.10778321833186,0.0023487039604197157,,
12,tvtp_exflow,2017-01-28,2021-01-27,2021-04-27,2813.582491707678,-5607.164983415356,-5554.303066268332,10,True,0.004574760396341207,0.05276377544787493,6.738625639360448,0.0018008541767509292,0.07096642610514288,2.084611856551493,4.256448353200923,4.726307945367938,0.3613780352177342,-0.8226470145374112,7.234532496966494,0.02685599384517367,,
12,tvtp_both,2017-01-28,2021-01-27,2021-04-27,2817.489544865432,-5610.979089730864,-5547.544789154435,12,True,0.0025375878341485306,0.029777002137374012,2.4033640831318497,0.002933315628239892,0.05371892874506367,10.524149853739377,0.6000301683647612,0.21451331770628487,-0.8938344571070641,2.0034950971952954,15.048638812474564,0.0046013928800993295,-0.42885502353314586,0.06671149014469228
13,baseline,2017-04-29,2021-04-28,2021-07-27,2780.436847791724,-5544.873695583448,-5502.58416186583,8,True,0.004910613941371521,0.05257889674886238,4.743341063244083,0.0009871061739939442,0.05394032012432926,2.149941046152347,4.701770816361938,4.470599504208956,,,,,,
13,tvtp_logrv,2017-04-29,2021-04-28,2021-07-27,2785.2878804248694,-5550.575760849739,-5497.713843702715,10,True,0.005120147180578992,0.051247422970743715,5.730406280274792,0.000981255863342012,0.09208989989524638,2.0500001624238027,4.04119390375827,4.2486128416054925,1.187041351041416,-1.7150958946292534,9.702065266290447,0.007820297879480473,,
13,tvtp_exflow,2017-04-29,2021-04-28,2021-07-27,2783.3459216670853,-5546.691843334171,-5493.829926187147,10,True,0.005552674385520721,0.05187207625681179,5.815852081269146,0.0008616944151957932,0.08285419302794615,2.0651549723884144,4.847982333839479,5.230343440648301,0.4348747736085518,-0.8613768285240743,5.818147750722346,0.054526204554156785,,
13,tvtp_both,2017-04-29,2021-04-28,2021-07-27,2786.3579103007132,-5548.7158206014265,-5485.281520024998,12,True,0.0052359664963662735,0.05153456230034214,5.854584910214448,0.00097688826692277,0.09337036299348118,2.049989054256001,4.14486066625867,4.516050653531241,1.1421596563310463,-1.261217485865024,11.842125017978105,0.018564702627630825,0.3890485897795059,-0.490677911245144
14,baseline,2017-07-29,2021-07-28,2021-10-26,2786.7089792709635,-5557.417958541927,-5515.128424824308,8,True,0.0031414156765068326,0.05142118863308366,4.688940262989955,0.0011041301389561292,0.058301227984927075,2.115751362931278,4.698681603309636,4.312300472524809,,,,,,
14,tvtp_logrv,2017-07-29,2021-07-28,2021-10-26,2792.0298564331733,-5564.059712866347,-5511.197795719323,10,True,0.0015722224949848834,0.03858051694584724,2.206719842072314,0.0025501851377880947,0.05178046020624958,10.160043698197828,0.26328885663312995,0.3940935712955797,-1.2357784242549255,1.6595334500352255,10.641754324419708,0.004888463868294831,,
14,tvtp_exflow,2017-07-29,2021-07-28,2021-10-26,2789.4681280184705,-5558.936256036941,-5506.074338889917,10,True,0.003828111322905899,0.051071297206332786,6.245621934671768,0.0009529524989487483,0.0913529481040431,2.0510669215211497,4.6382990606384435,4.916671685472851,0.41748619346152027,-0.8912732787871294,5.51829749501394,0.06334566857333598,,
14,tvtp_both,2017-07-29,2021-07-28,2021-10-26,2792.9208568768913,-5561.841713753783,-5498.407413177354,12,True,0.003486099060811632,0.05053450276985141,6.14445704940122,0.0010696781739183848,0.09106616683462364,2.0500003091304935,3.880741921024749,4.155855211932267,1.5586620344446953,-0.9755778288142618,12.423755211855678,0.01446319298497113,0.30040790069006335,-0.5357959829683012
15,baseline,2017-10-28,2021-10-27,2022-01-25,2800.3085429336206,-5584.617085867241,-5542.3275521496225,8,True,0.002693259099650502,0.050098093467905454,4.601475468292202,0.001135028180330202,0.06513105621404608,2.0858714199324644,4.6987212435789845,4.319249550005866,,,,,,
15,tvtp_logrv,2017-10-28,2021-10-27,2022-01-25,2807.779928629813,-5595.559857259626,-5542.697940112603,10,True,0.001619427309761803,0.03945761126052103,2.186403877617902,0.002195162924772183,0.050850645185263235,10.638244151723702,0.2290112357467874,0.4361456466555965,-1.221680570414968,1.570724063604874,14.942771392385112,0.0005691390963290268,,
15,tvtp_exflow,2017-10-28,2021-10-27,2022-01-25,2802.448280794988,-5584.896561589976,-5532.034644442952,10,True,0.003327133778063439,0.04989915132647446,6.2185899033814955,0.0009933026609196286,0.09098236427724922,2.050000173836596,4.462709479577631,4.887541768792347,0.21400962783664085,-0.9189281140778607,4.279475722734787,0.1176856889442258,,
15,tvtp_both,2017-10-28,2021-10-27,2022-01-25,2809.4185365914345,-5594.837073182869,-5531.4027726064405,12,True,0.001695315657897693,0.04135664626234922,2.164314394005322,0.002092045509449266,0.05078537961741155,10.648299745230618,0.14814011921559034,0.41789068953667624,-1.2631558349485237,1.5164240642772422,18.219987315627804,0.0011177145575481384,-0.06021074284631365,0.3556834318907881
16,baseline,2018-01-27,2022-01-26,2022-04-26,2868.706399658181,-5721.412799316362,-5679.123265598743,8,True,0.0017963431778068011,0.04658596399724495,4.28890590676797,0.0009742561098662904,0.07947574678157161,2.0526149291256095,4.698266824118513,4.187076684103322,,,,,,
16,tvtp_logrv,2018-01-27,2022-01-26,2022-04-26,2873.4013722343575,-5726.802744468715,-5673.940827321691,10,True,0.001974447094517721,0.046142910827427205,6.269222902124873,0.001031822978991556,0.08867467181716548,2.0500001864990867,3.0991408528228233,3.227529864934032,1.930700635355452,-1.0442556051795593,9.389945152352993,0.009141118048860763,,
16,tvtp_exflow,2018-01-27,2022-01-26,2022-04-26,2869.6925890869825,-5719.385178173965,-5666.523261026941,10,True,0.0021511678040262664,0.045995292220095296,5.516600145593863,0.0008977531681848201,0.08770172129927081,2.049594814031843,4.3955097381515476,4.621195833233754,0.06620016271194093,-0.8954816772637328,1.972378857602962,0.3729953116197068,,
16,tvtp_both,2018-01-27,2022-01-26,2022-04-26,2874.159283101757,-5724.318566203514,-5660.884265627085,12,True,0.0020003137397874905,0.046262177491073225,6.508319688197378,0.0010517565310844404,0.08943060825444901,2.0500002543159592,3.1153732024811536,3.440262590925963,2.0249833344672363,-0.6632242338455467,10.905766887151913,0.027643729245078578,0.17640710423311168,-0.4777158643381274
17,baseline,2018-04-28,2022-04-27,2022-07-26,2930.0851308405413,-5844.170261681083,-5801.880727963464,8,True,0.0013676588316374537,0.04386477240033487,3.727769227092483,0.0014605711424883774,0.07410027917157423,2.050000192870182,4.640846035530225,3.861781028756878,,,,,,
17,tvtp_logrv,2018-04-28,2022-04-27,2022-07-26,2939.470830089151,-5858.941660178302,-5806.079743031279,10,True,0.0011504386942929488,0.04491967200070816,8.434822465328555,0.0014185696061135846,0.04957463829241157,2.0926804162784363,0.4390490340740481,0.07354867592672665,1.194896659959281,-0.9473434378451892,18.771398497219707,8.391558133108745e-05,,
17,tvtp_exflow,2018-04-28,2022-04-27,2022-07-26,2931.2559744135024,-5842.511948827005,-5789.650031679981,10,True,0.0014258900229964966,0.0430786487951221,3.936509816786757,0.001426346762262669,0.0742349726800824,2.05000031559787,4.761976945642605,4.175008725742685,-0.593360682385268,-0.9149816355217494,2.341687145922151,0.3101052345057144,,
17,tvtp_both,2018-04-28,2022-04-27,2022-07-26,2941.920071224666,-5859.840142449332,-5796.405841872904,12,True,0.0015144325954281287,0.0444652031234947,2.1118750052846598,0.0010429060686764412,0.04486626517508858,8.250153001747424,-0.048771285920220786,0.43561208601130963,-0.9398479077857513,1.1813122185597844,23.66988076824964,9.301319300511738e-05,-0.3129772319734853,0.2954124502883237
18,baseline,2018-07-28,2022-07-27,2022-10-25,2914.6264081186355,-5813.252816237271,-5770.963282519652,8,True,0.001227909219829548,0.044809701239047164,3.9684078662993025,0.001224956797377333,0.07828236331983134,2.050000272314197,4.56291971477402,3.9663115186160134,,,,,,
18,tvtp_logrv,2018-07-28,2022-07-27,2022-10-25,2917.2750552264697,-5814.550110452939,-5761.688193305916,10,True,0.0013394629285508402,0.044396223779992264,4.5539015612905,0.001135004576355468,0.08291461666671615,2.050000294623212,3.6697901684301657,3.272642098721697,1.5416358367120662,-0.7343237232640369,5.297294215668444,0.07074686121931531,,
18,tvtp_exflow,2018-07-28,2022-07-27,2022-10-25,2915.613915808497,-5811.227831616994,-5758.36591446997,10,True,0.001204968946389252,0.043967822839545874,4.177421639187694,0.00129054938127874,0.07737326423756387,2.050000283883914,4.420817257630859,4.11070868561088,-0.11459275420309253,-0.8948368673832224,1.9750153797231178,0.37250393038034435,,
18,tvtp_both,2018-07-28,2022-07-27,2022-10-25,2918.2771972616156,-5812.554394523231,-5749.120093946803,12,True,0.0013385991649076964,0.043960693286448874,4.871565388191087,0.0011634492540766742,0.08218859916700898,2.0500002651040634,3.4930060601608734,3.377104179914682,1.687241296768973,-0.3163807135080036,7.301578285960204,0.12078390614760641,-0.17087687501707696,-0.6890107938873582
19,baseline,2018-10-27,2022-10-26,2023-01-24,2904.6414911448373,-5793.282982289675,-5750.993448572056,8,True,0.0006866034835387536,0.04367970358864149,2.230109125260217,0.001795667657300315,0.046176659800225804,4.14076516851072,4.212215405369774,4.454397572957354,,,,,,
19,tvtp_logrv,2018-10-27,2022-10-26,2023-01-24,2907.7458549928606,-5795.491709985721,-5742.6297928386975,10,True,0.0019600693422320856,0.04490130559637097,5.116656014231559,0.0006965509078623063,0.07278394691013289,2.0807384779563356,3.553409825861027,3.6959084384987078,1.3395127572924266,-1.050265997958477,6.208727696046481,0.044853042837281615,,
19,tvtp_exflow,2018-10-27,2022-10-26,2023-01-24,2906.0959497809363,-5792.191899561873,-5739.329982414849,10,True,0.0020774757487167926,0.04518047679310284,4.958034855804126,0.0006028932804860352,0.058612289972726016,2.1269363727795336,4.322744034981249,4.61347317471655,0.27163472496969593,-0.873986379522699,2.9089172721978684,0.23352675264072678,,
19,tvtp_both,2018-10-27,2022-10-26,2023-01-24,2908.713705548498,-5793.427411096996,-5729.993110520568,12,True,0.0019651051986560187,0.04491701703334135,5.279203687158991,0.000700202259522643,0.07117858249595892,2.0847778284841847,3.4774337612197446,3.7994569587952784,1.4649857450058839,-0.582656921374123,8.144428807321674,0.08642857614777981,0.18257202716766444,-0.5519371891633676
20,baseline,2019-01-26,2023-01-25,2023-04-25,2947.3225844203935,-5878.645168840787,-5836.355635123168,8,True,0.0007669413843429069,0.04423674371984406,2.2270098940346887,0.0022123827365372185,0.04537084856178848,3.9341161341384474,4.602235095447881,4.775171918513967,,,,,,
20,tvtp_logrv,2019-01-26,2023-01-25,2023-04-25,2948.42895586348,-5876.85791172696,-5823.995994579936,10,True,0.0021447037608875326,0.045243963562182396,3.947190846787384,0.0008497591557344984,0.046546301757195395,2.2038768958800192,4.215888153053803,4.180090820564022,1.8146691870031475,-0.14450168086094664,2.212742886173146,0.33075695670499994,,
20,tvtp_exflow,2019-01-26,2023-01-25,2023-04-25,2948.458465272134,-5876.916930544268,-5824.055013397245,10,True,0.0008542671952918738,0.03629598183682983,2.3724599438985865,0.0021698029304562405,0.0465271400510582,3.868329253695989,4.754067832969474,4.848567001956725,0.7946022503110529,0.8259500890727115,2.2717617034813884,0.3211391207583896,,
20,tvtp_both,2019-01-26,2023-01-25,2023-04-25,2949.2661899942077,-5874.532379988415,-5811.098079411987,12,True,0.0009526993345124773,0.037552017640547705,2.3569380090360763,0.0021164857588434403,0.04683154658161179,3.9228563971377834,4.400709987393732,4.55590382253883,-0.31141436927056887,1.2816396450066208,3.887211147628477,0.4214853081701013,0.9375768812900352,1.3740016998448719
21,baseline,2019-04-27,2023-04-26,2023-07-25,2919.9108599931387,-5823.8217199862775,-5781.532186268659,8,True,0.0002889479962077904,0.03447580700726892,2.5271317800185726,0.0025465546361321985,0.04599037338053638,3.9994633483815987,4.461520845129913,4.482614296921087,,,,,,
21,tvtp_logrv,2019-04-27,2023-04-26,2023-07-25,2921.980359546704,-5823.960719093408,-5771.098801946385,10,True,0.0008216880010766916,0.027856695217081937,2.6854532213716604,0.0022645762264402536,0.04768144254442304,10.11610692891932,0.4110729339987089,-0.20443055315372768,-0.931023794407889,1.1428153871405773,4.138999107130985,0.12624894673361695,,
21,tvtp_exflow,2019-04-27,2023-04-26,2023-07-25,2922.244212637741,-5824.488425275482,-5771.626508128458,10,True,0.00034720958131724615,0.031183323265042612,2.7396949205963987,0.002731820684115,0.047581202569996074,3.9742291407529717,4.6735377905865185,4.731954651446425,0.8800761972035134,1.1281731230632122,4.666705289204401,0.09697009523074256,,
21,tvtp_both,2019-04-27,2023-04-26,2023-07-25,2923.7394062564526,-5823.478812512905,-5760.044511936477,12,True,0.0004146227815144591,0.031963732858302216,2.6911505631367283,0.0026623054820995758,0.047497009814467604,3.980563373866018,4.39395663155803,4.4773895570874265,-0.30684163995396774,1.3791974476509594,7.657092526627821,0.10497838348048054,1.052630225615155,1.5395720264796033
22,baseline,2019-07-27,2023-07-26,2023-10-24,3011.516741954697,-6007.033483909394,-5964.743950191775,8,True,0.00010234361166685648,0.03488456091335004,2.441350563960701,0.0017610918234900474,0.043542054426554434,3.9224631554340856,4.80107420592651,4.65119137782866,,,,,,
22,tvtp_logrv,2019-07-27,2023-07-26,2023-10-24,3015.451170194306,-6010.902340388612,-5958.0404232415885,10,True,0.0002727154898186499,0.02511541817380013,2.523796914180207,0.0017570613542478692,0.04335441393972469,6.881713147192495,0.0480942658598746,0.3367168270542878,-1.0023141999313006,0.788535077681532,7.868856479218266,0.01955687797961272,,
22,tvtp_exflow,2019-07-27,2023-07-26,2023-10-24,3012.8257693948726,-6005.651538789745,-5952.789621642722,10,True,0.00016730163931926196,0.030735889602191927,2.6264260371798653,0.0017721177659054768,0.0448192736078296,3.841640520411442,4.864345588567467,4.658555140753113,0.8757398870662434,0.722157904833519,2.6180548803513375,0.27008260018040486,,
22,tvtp_both,2019-07-27,2023-07-26,2023-10-24,3015.791480914202,-6007.582961828404,-5944.148661251976,12,True,0.00032369984621027177,0.015064301242267437,3.735064813473608,0.0013984062713547434,0.04302385766274674,4.9448220453826615,-0.3064966976990638,0.8735767262808662,-0.8804693903411277,0.7171735363417632,8.549477919010315,0.07340158366938443,0.05575633499717931,0.3123787801160331
23,baseline,2019-10-26,2023-10-25,2024-01-23,3068.2169805461335,-6120.433961092267,-6078.144427374648,8,True,0.00032004260931236763,0.036600058191127646,2.293084731954044,0.0015461752663549378,0.04311364271283152,3.7023670755200406,4.8596074115349,4.932810676183009,,,,,,
23,tvtp_logrv,2019-10-26,2023-10-25,2024-01-23,3073.66749559702,-6127.33499119404,-6074.473074047017,10,True,0.00022137796692215343,0.018938610195449894,2.7380067286162983,0.0018560510532615092,0.04285673118719641,5.274105193334088,0.13133997488399865,0.7904520496417855,-0.9611055403926051,0.9001354534902691,10.901030101773358,0.004294092444970407,,
23,tvtp_exflow,2019-10-26,2023-10-25,2024-01-23,3069.9328805039504,-6119.865761007901,-6067.003843860877,10,True,0.00034407028561903887,0.030778487020945853,2.4377720169405857,0.001491904117387584,0.04383847865347869,3.572922025740344,5.1832579732470245,5.00293005412881,0.9177949516618378,0.6459986705913955,3.4317999156337464,0.17980183381252,,
23,tvtp_both,2019-10-26,2023-10-25,2024-01-23,3074.0310590736863,-6124.0621181473725,-6060.627817570944,12,True,0.00023111388837307714,0.021646518543413165,2.506562355440691,0.0018271598591135007,0.04244173885214893,5.421099289970064,0.2106703244358185,0.8531272509528797,-0.9727234082699551,0.8838608249924239,11.628157055105476,0.02034159074018645,0.2296285178741256,0.37670173004338803
24,baseline,2020-01-25,2024-01-24,2024-04-23,3085.106371344552,-6154.212742689104,-6111.923208971485,8,True,0.0007943222160181894,0.03478435931604676,2.3331058652388617,0.001663118470766038,0.04331876841849109,3.6791394513895126,5.367218174598281,5.24202954372336,,,,,,
24,tvtp_logrv,2020-01-25,2024-01-24,2024-04-23,3087.10830955682,-6154.21661911364,-6101.354701966617,10,True,0.0006886725258192873,0.01671860533521621,3.209226146278856,0.0018457608799338965,0.04358368932953832,5.152183399648388,0.1301262742431892,0.6823954032384749,-1.0020759538251283,0.917713589088745,4.003876424536429,0.13507322877094896,,
24,tvtp_exflow,2020-01-25,2024-01-24,2024-04-23,3087.16861413225,-6154.3372282645,-6101.475311117476,10,True,0.0008217469880291834,0.029369403176715936,2.500036202137371,0.0016417530806315905,0.044197321982687526,3.5628841811114476,5.8009586940887345,5.236478684947017,1.0603319071266244,0.6827274502687168,4.124485575395738,0.12716843801248032,,
24,tvtp_both,2020-01-25,2024-01-24,2024-04-23,3088.134951329138,-6152.269902658276,-6088.835602081847,12,True,0.0008848171975895255,0.03133356184644914,2.413946265981752,0.0015440600991220043,0.043881417332563566,3.5066286268617235,5.133341815497006,4.820790310798804,-1.0754875294298085,2.2112762305160296,6.057159969172062,0.19492000568010762,1.3705752607487043,0.7829329096426986
25,baseline,2020-04-25,2024-04-24,2024-07-23,3122.2786239294837,-6228.5572478589675,-6186.267714141349,8,True,0.0009971692139662974,0.03426436475334856,2.3419672787369574,0.0020038361222136517,0.04063867271519278,4.712529164466215,4.919433118084251,4.911972847621995,,,,,,
25,tvtp_logrv,2020-04-25,2024-04-24,2024-07-23,3123.01837020285,-6226.0367404057,-6173.174823258676,10,True,0.0010741617405735635,0.035737266277658594,2.3086456105063187,0.0019285710180935974,0.04055202074660938,4.811089011802549,4.385174161587556,4.09007256555356,-0.3974379288666069,1.342709572424906,1.4794925467322173,0.4772349873877313,,
25,tvtp_exflow,2020-04-25,2024-04-24,2024-07-23,3123.931620410658,-6227.863240821316,-6175.0013236742925,10,True,0.0010226765586336005,0.02952859888317874,2.492135672539018,0.0019932552861171363,0.04149094461873014,4.460295453680644,5.150192011214025,4.8869522275579325,0.8845783921625021,0.6368529441532652,3.3059929623486823,0.19147529602290306,,
25,tvtp_both,2020-04-25,2024-04-24,2024-07-23,3124.9019719791095,-6225.803943958219,-6162.36964338179,12,True,0.0011598493739789037,0.03253560195835232,2.3807763261868646,0.0017088186148056074,0.041060733289784844,4.465989575173316,4.531378066271034,4.056561618168547,-1.1983116243633753,1.5889027970330878,5.246696099251494,0.2629084054710465,1.1244227857188434,0.7075267112083565
26,baseline,2020-07-25,2024-07-24,2024-10-22,3121.2011919789466,-6226.402383957893,-6184.112850240274,8,True,0.0008464015198934921,0.031142563974338216,2.4908084107797084,0.0017709575248987751,0.04039663838197389,4.68993051243169,5.003323275764908,4.871801091759274,,,,,,
26,tvtp_logrv,2020-07-25,2024-07-24,2024-10-22,3122.2823242712716,-6224.564648542543,-6171.70273139552,10,True,0.0008974824141096627,0.03189607626160837,2.4562747531725173,0.0017726357296115687,0.04026074180597072,4.685069384375572,4.664650008400994,4.172420896259007,0.1208290940648554,1.8891834556053797,2.1622645846500745,0.3392112218508118,,
26,tvtp_exflow,2020-07-25,2024-07-24,2024-10-22,3122.8928903169917,-6225.785780633983,-6172.92386348696,10,True,0.0008770759585920969,0.02764991735453255,2.6759647418410686,0.0017647536097313546,0.04134798195895427,4.44821561737916,5.2508091166181154,4.826609626991567,0.92203750448187,0.6359899249009934,3.3833966760903422,0.1842064134243707,,
26,tvtp_both,2020-07-25,2024-07-24,2024-10-22,3127.4430000862676,-6230.886000172535,-6167.451699596107,12,True,0.0010108502058406032,0.028434386155879628,2.5766421067437753,0.001304203140737242,0.040451616984120364,3.8332078775392686,7.06514059729141,4824.464959945667,1.2004303022976825,4282.6100478614735,12.483616214642097,0.014094971258821839,1.8956927469043592,721.3212172731359
27,baseline,2020-10-24,2024-10-23,2025-01-21,3113.454857031441,-6210.909714062882,-6168.620180345263,8,True,0.000241650696245079,0.031579943592184564,2.4827576857892026,0.0016778157954185828,0.040203848182310264,4.615661860248657,5.1888803746052385,4.983212183647378,,,,,,
27,tvtp_logrv,2020-10-24,2024-10-23,2025-01-21,3114.3860508478983,-6208.772101695797,-6155.910184548773,10,True,0.0003181689356655408,0.031770447171839356,2.4525836362539355,0.0016103954794746411,0.04005097476384203,4.602057620241227,4.687133811900018,4.19062153562495,0.25903433037335155,1.764920035445832,1.8623876329147606,0.39408296670551557,,
27,tvtp_exflow,2020-10-24,2024-10-23,2025-01-21,3114.8304159511654,-6209.660831902331,-6156.798914755307,10,True,0.00034965265581444045,0.027663742301293932,2.6870268547918226,0.0015986950267877483,0.04122611497948295,4.43130090632513,5.157495583255402,4.830295108615234,0.8752214316197108,0.6337953000984815,2.7511178394488525,0.2526983182526183,,
27,tvtp_both,2020-10-24,2024-10-23,2025-01-21,3115.7396083139793,-6207.4792166279585,-6144.04491605153,12,True,0.0004708774446302128,0.028665346181258336,2.5727168074063256,0.0013456553315454537,0.04056246707070344,4.275678438702933,4.770113494984517,4.325565618296098,0.21805406622146323,2.240424113968906,4.569502565076618,0.3343856382381643,1.05223727524135,0.6986403204385274
28,baseline,2021-01-23,2025-01-22,2025-04-22,3151.4799257152076,-6286.959851430415,-6244.6703177127965,8,True,0.0004757288129421913,0.030238603082094404,2.6234460157681827,0.000483551236233899,0.03954630567713911,4.442180442447409,5.484278047010863,5.000388669728141,,,,,,
28,tvtp_logrv,2021-01-23,2025-01-22,2025-04-22,3152.0041238838585,-6284.008247767717,-6231.146330620693,10,True,0.0005063662893514092,0.030179375608172163,2.5881970101255822,0.0005825131705377409,0.039331940319147635,4.42890076507196,4.7826035756039005,4.058254296022023,0.23565212740033858,1.6717003257307024,1.0483963373017104,0.5920298822189403,,
28,tvtp_exflow,2021-01-23,2025-01-22,2025-04-22,3152.275371934954,-6284.550743869908,-6231.688826722884,10,True,0.0005480054296546063,0.02735801693603224,2.81876002115789,0.0004908329832388016,0.040688770021790936,4.226805651051093,5.24176955765597,4.827911260226508,0.8625367495120199,0.6011847137990411,1.5908924394925634,0.4513797754094687,,
28,tvtp_both,2021-01-23,2025-01-22,2025-04-22,3157.274499859262,-6290.548999718524,-6227.114699142096,12,True,0.000719275558522206,0.028506791072210637,2.740278586420088,0.0001220261908334427,0.03996264506911993,3.8044581358314655,8.3100739620311,2605.1420611006524,1.798955399204364,1991.1358331448141,11.589148288108845,0.02068286352973475,-0.9467636131183059,635.1958876197374
29,baseline,2021-04-24,2025-04-23,2025-07-22,3180.473265467783,-6344.946530935566,-6302.656997217948,8,True,0.00040446823516845985,0.02886246900143128,2.694240609089846,-2.6224416016678454e-05,0.039070171825115484,4.538683069750022,4.910313444365274,4.480676458052588,,,,,,
29,tvtp_logrv,2021-04-24,2025-04-23,2025-07-22,3189.090704083165,-6358.18140816633,-6305.319491019306,10,True,-0.00039297809877553207,0.011401768835428388,3.9021218334723375,0.001112698643092658,0.03615861034949102,5.097505676500599,-0.17674010334213072,1.369520064267204,-0.5923755988053655,0.7430161209299353,17.23487723076323,0.00018092307529941497,,
29,tvtp_exflow,2021-04-24,2025-04-23,2025-07-22,3181.5139240346484,-6343.027848069297,-6290.165930922273,10,True,0.00048504495991287994,0.026543275123106166,2.8875791650518177,-8.767906608622167e-05,0.0401800695014709,4.316799443108044,4.910276968085964,4.3512346117855465,0.7660403062984464,0.5628210930592064,2.0813171337304084,0.3532219850485384,,
29,tvtp_both,2021-04-24,2025-04-23,2025-07-22,3193.1877958974273,-6362.375591794855,-6298.941291218426,12,True,-0.00044102106757539725,0.010860200528483386,4.182655352440239,0.0011674703829345164,0.036118778516516105,5.136985775121751,-0.2703931483013331,1.4299775173321967,-0.6064753639811329,0.7456015510491752,25.429060859288256,4.1241128146061064e-05,0.17085360766466415,0.6512163946024402
30,baseline,2021-07-24,2025-07-23,2025-10-21,3286.8346058987468,-6557.6692117974935,-6515.379678079875,8,True,0.000396581260531181,0.02165365747503273,2.637805066591521,0.0008447292940700626,0.03372811622565866,3.6853446332214315,3.760870765082176,4.561086197054647,,,,,,
30,tvtp_logrv,2021-07-24,2025-07-23,2025-10-21,3291.968663666859,-6563.937327333718,-6511.075410186694,10,True,-0.00033288984971742013,0.011391155410839716,3.962570742231626,0.0017414102052339564,0.03399851263404696,5.215305239764992,0.026868289058132527,1.262488322162924,-0.4377448599160883,0.6899179566717919,10.268115536224286,0.005892601086951145,,
30,tvtp_exflow,2021-07-24,2025-07-23,2025-10-21,3288.284285310475,-6556.56857062095,-6503.706653473926,10,True,0.00039929659942276863,0.021532321576649468,2.6552376087381115,0.0008158877348044813,0.03380243386363436,3.6980769952416876,3.943168465858634,4.629961207897839,-0.6811163106469257,0.5480421948775647,2.8993588234561685,0.2346455006325852,,
30,tvtp_both,2021-07-24,2025-07-23,2025-10-21,3296.000013328009,-6568.000026656018,-6504.56572607959,12,True,-0.0004069534167669704,0.010939969091689386,4.203386170357694,0.0018256623063415871,0.03399213557574622,5.275435658184557,-0.10073870390191998,1.2776296129887512,-0.4755531537075009,0.6866336069493879,18.330814858524718,0.00106325863620388,0.15077844735897777,0.648383602002997
31,baseline,2021-10-23,2025-10-22,2026-01-20,3356.384850824342,-6696.769701648684,-6654.480167931065,8,True,0.0003971975480846034,0.01973964661861026,2.8061977221962224,0.00029837958683818556,0.03302365504047252,3.44401193277373,3.8273313853080153,4.6561889624952855,,,,,,
31,tvtp_logrv,2021-10-23,2025-10-22,2026-01-20,3356.9931523915775,-6693.986304783155,-6641.124387636131,10,True,0.0003170699061293371,0.01951376360272016,2.7585864033147196,0.00034667030162981817,0.03278629683850991,3.450131337334251,4.333111210393022,4.465068478601875,0.6295802198115018,0.8909715179622568,1.2166031344713701,0.5442744981319507,,
31,tvtp_exflow,2021-10-23,2025-10-22,2026-01-20,3358.4135717502922,-6696.8271435005845,-6643.965226353561,10,True,0.00039430780585771134,0.019793532148253547,2.8499425914321694,0.000256880286189259,0.03325812730152614,3.4809189330665617,3.9848649113573043,4.975982602401245,-0.6831974244701816,0.9821123191918267,4.057441851900876,0.1315036164856542,,
31,tvtp_both,2021-10-23,2025-10-22,2026-01-20,3360.96716510229,-6697.93433020458,-6634.500029628151,12,True,0.0002196741830689925,0.020291846553275154,2.7219759767660654,0.00041479051798829104,0.03279837606418944,3.247776539367495,5.818997395974731,16.76877776009774,1.158210239375013,6.741549480436482,9.164628555896343,0.057113723917243654,-0.763564333381908,4.351980839433344
32,baseline,2022-01-22,2026-01-21,2026-04-21,3392.898124661202,-6769.796249322404,-6727.506715604785,8,True,0.00038611028514310374,0.019329950941373276,2.851718874486298,0.0002839370495355428,0.032228252476234384,3.5848383434824918,3.6953940315829543,4.346717976002995,,,,,,
32,tvtp_logrv,2022-01-22,2026-01-21,2026-04-21,3394.862657324163,-6769.725314648326,-6716.863397501303,10,True,-0.0001412552044999632,0.012039631113973333,3.9551631232653337,0.0009206432275847506,0.03225562417612343,4.729529233228592,0.40408280296232346,1.3429427839921875,-0.29930717210014923,0.841623818319747,3.929065325922238,0.14022140196052932,,
32,tvtp_exflow,2022-01-22,2026-01-21,2026-04-21,3394.860391316386,-6769.720782632772,-6716.8588654857485,10,True,0.00039445375951981934,0.019393709894319,2.9061727643116946,0.00023559294030782736,0.03256673078007667,3.6439579946095,3.823059240467318,4.494946623604882,-0.6491356305618833,0.8738117378499215,3.9245333103681332,0.1405395050237726,,
32,tvtp_both,2022-01-22,2026-01-21,2026-04-21,3396.116786913258,-6768.233573826516,-6704.799273250087,12,True,0.00035307038151475195,0.019379556928457633,2.838811224561426,0.0002801075416608307,0.03225981277611833,3.595769632067129,3.8325938389646317,4.56563001330312,0.21010349587708813,1.0241147365665932,6.43732450411153,0.16878253359352619,-0.6425835646269331,1.1532996982274242
33,baseline,2022-04-23,2026-04-22,2026-05-23,3401.6375363649086,-6787.275072729817,-6744.985539012198,8,True,0.00038961602969721346,0.019098222956430138,2.857186769530328,1.0650270651257046e-05,0.03169328384611343,3.6509844277265797,3.580315589004006,4.285860845661426,,,,,,
33,tvtp_logrv,2022-04-23,2026-04-22,2026-05-23,3404.7603130638317,-6789.5206261276635,-6736.65870898064,10,True,-0.00019348368122814986,0.011658008389680764,3.861808586169599,0.0006853072680554794,0.0316737858785758,4.751905511819814,0.37310392731344005,1.4089974167678183,-0.23461025642436636,0.8713600153019546,6.245553397846379,0.04403472732738436,,
33,tvtp_exflow,2022-04-23,2026-04-22,2026-05-23,3403.664235852063,-6787.328471704126,-6734.466554557102,10,True,0.00040147296449587644,0.019241305899999284,2.9119581801639915,-5.413985886207765e-05,0.03209707165405662,3.708297417370628,3.7286278662885466,4.461492087268398,-0.6433665289400322,0.89604109418162,4.053398974308948,0.1317697118549692,,
33,tvtp_both,2022-04-23,2026-04-22,2026-05-23,3407.515513253724,-6791.031026507448,-6727.596725931019,12,True,-0.00027603179980721345,0.011863922358011599,3.7626366420459902,0.0008077821611055781,0.03180272346672146,4.8341274002738555,0.32763007053628923,1.4063697550136953,-0.2882929098198284,0.8421365729213708,11.755953777630566,0.01926139708710833,0.15528934500383348,0.6595009171810303
